-0.2; -0.37; 9.73
-0.25; -0.36; 9.78
-0.22; -0.4; 9.75
-0.21; -0.38; 9.74
-0.26; -0.37; 9.67
-0.18; -0.42; 9.76
-0.34; -0.44; 9.78
-0.16; -0.27; 9.71
-0.25; -0.24; 9.72
-0.36; -0.28; 9.78
-0.32; 0.07; 9.59
-0.23; -0.41; 9.76
-0.44; -0.34; 9.87
-0.34; -0.31; 9.85
-0.15; -0.34; 9.67
-0.28; -0.52; 9.67
-0.06; -0.63; 9.73
-0.11; -0.73; 9.69
-0.05; -0.8; 9.75
-0.13; -0.76; 9.71
-0.28; -0.77; 9.74
-0.13; -0.74; 9.68
-0.18; -0.67; 9.83
-0.19; -0.57; 9.73
-0.19; -0.5; 9.69
-0.34; -0.53; 9.67
-0.22; -0.42; 9.78
-0.12; -0.35; 10.0
-0.52; -0.14; 9.24
-0.39; -0.009999999; 9.79
-0.36; -0.12; 9.45
-0.15; -0.31; 9.92
-0.26; -0.23; 9.64
-0.31; -0.25; 9.84
-0.22; -0.41; 9.71
-0.17; -0.52; 9.78
-0.26; -0.34; 9.75
-0.25; -0.34; 9.75
-0.16; -0.43; 9.67
-0.25; -0.36; 9.87
-0.16; -0.19; 9.79
-0.23; -0.2; 9.45
-0.34; -0.27; 9.81
-0.25; -0.25; 9.77
-0.25; -0.17; 9.86
-0.21; -0.24; 9.7
-0.25; -0.26; 9.71
-0.29; -0.29; 9.75
-0.29; -0.24; 9.91
-0.31; -0.28; 9.66
-0.27; -0.25; 9.75
-0.31; -0.3; 9.61
-0.32; -0.3; 9.73
-0.26; -0.29; 9.8
-0.22; -0.22; 9.9
-0.25; -0.29; 9.73
-0.2; -0.22; 9.87
-0.39; -0.37; 9.58
-0.29; -0.38; 9.66
-0.18; -0.2; 9.68
-0.26; -0.31; 9.74
-0.26; -0.26; 9.72
-0.24; -0.34; 9.74
-0.32; -0.29; 9.78
-0.26; -0.34; 9.56
-0.25; -0.42; 9.75
-0.24; -0.32; 9.67
-0.19; -0.45; 9.76
-0.21; -0.41; 9.8
-0.29; -0.39; 9.71
-0.21; -0.35; 9.72
-0.23; -0.42; 9.74
-0.23; -0.39; 9.76
-0.19; -0.4; 9.74
-0.28; -0.44; 9.72
-0.19; -0.34; 9.78
-0.22; -0.33; 9.77
-0.24; -0.42; 9.62
-0.23; -0.42; 9.74
-0.25; -0.42; 9.67
-0.25; -0.34; 9.78
-0.29; -0.34; 9.72
-0.3; -0.41; 9.77
-0.22; -0.33; 9.69
-0.3; -0.42; 9.73
-0.21; -0.35; 9.73
-0.27; -0.36; 9.73
-0.27; -0.34; 9.76
-0.21; -0.37; 9.78
-0.26; -0.36; 9.72
-0.22; -0.31; 9.79
-0.32; -0.34; 9.75
-0.21; -0.34; 9.67
-0.25; -0.35; 9.79
-0.24; -0.33; 9.73
-0.23; -0.3; 9.78
-0.26; -0.31; 9.73
-0.18; -1.02; 9.33
-0.3; -0.47; 9.99
-0.31; -0.25; 9.61
-0.33; -0.23; 9.76
-0.35; -0.25; 9.7
-0.3; -0.26; 9.75
-0.29; -0.29; 9.72
-0.27; -0.29; 9.76
-0.25; -0.28; 9.68
-0.26; -0.27; 9.77
-0.28; -0.24; 9.67
-0.28; -0.27; 9.75
-0.28; -0.24; 9.73
-0.21; -0.27; 9.69
-0.3; -0.3; 9.7
-0.25; -0.29; 9.7
-0.27; -0.27; 9.72
-0.27; -0.26; 9.73
-0.29; -0.29; 9.75
-0.26; -0.22; 9.7
-0.25; -0.27; 9.7
-0.29; -0.24; 9.72
-0.24; -0.3; 9.75
-0.3; -0.29; 9.76
-0.21; -0.22; 9.73
-0.27; -0.27; 9.72
-0.22; -0.27; 9.69
-0.28; -0.27; 9.74
-0.26; -0.25; 9.69
-0.3; -0.29; 9.76
-0.23; -0.23; 9.74
-0.29; -0.26; 9.71
-0.24; -0.25; 9.76
-0.2; -0.22; 9.72
-0.27; -0.22; 9.75
-0.27; -0.14; 9.91
-0.14; -0.11; 9.53
-0.29; -0.14; 9.53
-0.37; -0.16; 9.81
-0.29; -0.19; 9.8
-0.35; -0.2; 9.72
-0.26; -0.24; 9.78
-0.34; -0.2; 9.72
-0.27; -0.17; 9.74
-0.32; -0.27; 9.68
-0.34; -0.21; 9.77
-0.22; -0.13; 9.85
-0.38; -0.24; 9.52
-0.26; -0.19; 9.76
-0.33; -0.17; 9.73
-0.31; -0.2; 9.75
-0.31; -0.29; 9.73
-0.27; -0.3; 9.74
-0.24; -0.29; 9.73
-0.29; -0.24; 9.7
-0.25; -0.27; 9.71
-0.28; -0.32; 9.73
-0.26; -0.23; 9.76
-0.25; -0.28; 9.73
-0.32; -0.3; 9.75
-0.26; -0.28; 9.73
-0.3; -0.31; 9.67
-0.27; -0.3; 9.73
-0.28; -0.3; 9.71
-0.24; -0.3; 9.75
-0.27; -0.32; 9.78
-0.23; -0.29; 9.74
-0.25; -0.23; 9.75
-0.27; -0.31; 9.76
-0.25; -0.34; 9.73
-0.28; -0.32; 9.75
-0.25; -0.34; 9.72
-0.25; -0.34; 9.72
-0.24; -0.38; 9.76
-0.31; -0.33; 9.69
-0.23; -0.27; 9.74
-0.25; -0.32; 9.74
-0.21; -0.31; 9.71
-0.28; -0.27; 9.72
-0.23; -0.3; 9.74
-0.21; -0.29; 9.72
-0.23; -0.26; 9.71
-0.24; -0.3; 9.72
-0.17; -0.3; 9.75
-0.26; -0.32; 9.68
-0.2; -0.34; 9.7
-0.21; -0.3; 9.68
-0.16; -0.3; 9.68
-0.03; -0.33; 9.91
-0.4; -0.39; 9.6
-0.16; -0.4; 9.83
-0.009999999; -0.48; 9.74
-0.19; -0.46; 9.72
-0.12; -0.44; 9.74
0.0; -0.45; 9.68
-0.05; -0.4; 9.86
-0.08; -0.35; 9.69
-0.17; -0.64; 9.66
0.0; -0.43; 9.76
-0.21; -0.47; 9.83
0.009999999; -0.48; 9.72
-0.11; -0.4; 9.7
0.86; -0.43; 10.05
1.92; -0.2; 10.19
2.45; 1.0; 9.81
2.75; 0.3; 7.6
1.54; 0.57; 9.89
0.34; -1.58; 10.05
-1.94; 0.04; 10.01
-0.36; -0.04; 9.71
-1.12; 0.36; 9.46
-1.39; 0.18; 9.73
-1.52; -0.11; 9.62
-1.84; 0.14; 9.67
-1.42; -0.27; 9.59
-1.13; -0.06; 9.73
-1.27; -0.28; 9.64
-1.26; -0.34; 9.59
-0.95; -0.25; 9.99
-0.95; 1.23; 9.83
0.93; 2.56; 9.3
-3.41; 1.02; 9.07
-2.41; -0.82; 11.81
-1.79; -0.03; 9.58
-2.28; -0.12; 9.37
-2.35; -0.43; 9.44
-2.16; -0.39; 9.41
-2.4; -0.35; 9.5
-2.21; -0.08; 9.4
-2.26; -0.4; 9.53
-1.93; 0.03; 9.41
-2.15; -0.54; 9.6
-2.03; 0.04; 9.44
-2.02; -0.13; 9.45
-1.92; -0.08; 9.46
-1.87; 0.0; 9.54
-1.74; -0.24; 9.56
-1.62; 0.03; 9.67
-2.06; -0.14; 9.46
-1.97; 0.0; 9.52
-1.63; -0.07; 9.55
-1.99; 0.009999999; 9.45
-1.81; -0.09; 9.45
-1.84; -0.08; 9.58
-2.33; 0.03; 9.64
-2.41; -0.11; 9.48
-0.76; -0.05; 9.8
-1.55; -0.05; 9.73
-2.37; -0.07; 9.37
-2.66; 0.009999999; 9.48
-0.92; 0.04; 9.58
-1.55; -0.12; 9.81
-2.33; -0.11; 9.43
-1.43; 0.06; 9.66
-1.59; -0.16; 9.66
-1.97; 0.26; 9.74
-2.06; 0.04; 9.05
-1.86; 0.32; 9.75
-4.33; 0.48; 10.96
-3.26; 0.33; 6.93
-1.64; 1.94; 7.24
-0.37; 0.8; 8.75
2.45; -0.3; 10.63
0.37; -0.11; 9.87
0.26; -0.59; 9.6
0.11; 0.08; 9.65
0.06; -0.23; 10.13
-0.08; 0.23; 9.75
-0.68; -0.26; 10.14
0.99; -0.6; 9.45
0.14; 0.14; 10.36
-0.1; -0.32; 9.34
-0.37; 0.09; 9.71
-0.1; -0.23; 9.63
0.02; -0.24; 10.04
-0.33; -0.1; 9.52
-0.19; -0.17; 9.73
0.15; -0.38; 9.65
-0.28; -0.39; 9.73
-0.04; -0.22; 9.78
0.14; -0.27; 9.63
-0.2; -0.14; 9.7
-0.009999999; -0.27; 9.83
-0.09; -0.24; 9.67
-0.07; -0.21; 9.83
-0.06; -0.13; 9.76
-0.09; -0.21; 9.7
-0.11; -0.19; 9.77
-0.16; -0.15; 9.75
-0.11; -0.19; 9.67
-0.13; -0.21; 9.68
-0.12; -0.23; 9.78
-0.08; -0.22; 9.72
-0.11; -0.2; 9.78
-0.08; -0.19; 9.7
-0.07; -0.22; 9.71
-0.09; -0.2; 9.75
-0.16; -0.23; 9.67
-0.11; -0.19; 9.7
-0.13; -0.2; 9.73
-0.11; -0.17; 9.77
-0.11; -0.19; 9.7
-0.11; -0.2; 9.77
-0.11; -0.14; 9.75
-0.09; -0.19; 9.69
-0.11; -0.23; 9.7
-0.11; -0.22; 9.75
-0.13; -0.18; 9.75
-0.13; -0.21; 9.72
-0.11; -0.19; 9.69
-0.15; -0.16; 9.76
-0.09; -0.17; 9.74
-0.09; -0.13; 9.76
-0.15; -0.18; 9.72
-0.11; -0.2; 9.77
-0.19; -0.15; 9.78
-0.15; -0.2; 9.73
-0.13; -0.15; 9.76
-0.1; -0.2; 9.73
-0.13; -0.17; 9.7
-0.11; -0.21; 9.86
-0.1; -0.14; 9.94
0.03; -0.2; 9.69
-0.06; -0.21; 9.64
-0.06; -0.16; 9.81
-0.05; -0.24; 9.77
-0.22; -0.33; 9.67
-0.11; -0.26; 9.75
-0.23; -0.34; 9.67
-0.22; -0.35; 9.58
-0.34; -0.35; 9.57
-0.42; -0.4; 9.4
-0.35; -0.36; 9.92
-0.3; -0.36; 9.71
-0.2; -0.37; 9.74
-0.36; -0.36; 9.72
-0.16; -0.35; 9.85
-0.26; -0.35; 9.73
-0.2; -0.28; 9.77
-0.21; -0.3; 9.8
-0.17; -0.27; 9.91
-0.1; -0.26; 9.89
-0.12; -0.26; 9.69
-0.16; -0.24; 9.84
-0.23; -0.27; 9.63
-0.24; -0.37; 9.75
-0.4; -0.34; 9.7
-0.28; -0.3; 9.71
-0.43; -0.34; 9.67
-0.35; -0.37; 9.68
-0.43; -0.37; 9.66
-0.48; -0.4; 9.46
-0.51; -0.44; 9.5
-0.53; -0.43; 9.8
-0.55; -0.38; 9.71
-0.35; -0.39; 9.73
-0.29; -0.46; 9.77
-0.28; -0.39; 9.76
-0.25; -0.39; 9.77
-0.22; -0.32; 9.78
-0.25; -0.34; 9.74
-0.14; -0.34; 9.89
-0.13; -0.28; 10.06
-0.07; -0.3; 9.6
-0.28; -0.25; 9.66
-0.28; -0.3; 9.81
-0.25; -0.29; 9.72
-0.4; -0.39; 9.7
-0.35; -0.33; 9.72
-0.35; -0.36; 9.8
-0.41; -0.36; 9.66
-0.39; -0.47; 9.69
-0.58; -0.39; 9.44
-0.38; -0.4; 9.64
-0.66; -0.45; 9.52
-0.41; -0.4; 10.05
-0.5; -0.46; 9.57
-0.31; -0.39; 9.88
-0.4; -0.38; 9.75
-0.25; -0.34; 9.81
-0.25; -0.37; 9.74
-0.19; -0.35; 9.69
-0.26; -0.31; 9.79
-0.15; -0.27; 9.87
-0.2; -0.22; 9.92
-0.1; -0.3; 9.74
-0.12; -0.28; 9.75
-0.26; -0.28; 9.62
-0.33; -0.34; 9.7
-0.3; -0.34; 9.74
-0.36; -0.34; 9.72
-0.44; -0.38; 9.68
-0.47; -0.33; 9.8
-0.44; -0.31; 9.77
-0.53; -0.38; 9.6
-0.45; -0.29; 9.65
-0.52; -0.35; 9.53
-0.48; -0.43; 9.46
-0.49; -0.4; 9.8
-0.47; -0.42; 9.72
-0.3; -0.42; 9.77
-0.4; -0.34; 9.71
-0.21; -0.32; 9.79
-0.27; -0.34; 9.76
-0.22; -0.3; 9.81
-0.19; -0.32; 9.68
-0.19; -0.25; 9.75
-0.18; -0.3; 9.88
-0.11; -0.23; 10.0
-0.16; -0.26; 9.66
-0.21; -0.28; 9.66
-0.34; -0.31; 9.83
-0.16; -0.31; 9.74
-0.37; -0.36; 9.67
-0.37; -0.32; 9.72
-0.39; -0.32; 9.7
-0.43; -0.36; 9.71
-0.51; -0.36; 9.63
-0.5; -0.34; 9.53
-0.54; -0.35; 9.58
-0.43; -0.41; 9.66
-0.56; -0.43; 9.55
-0.53; -0.4; 9.9
-0.34; -0.38; 9.76
-0.28; -0.37; 9.79
-0.24; -0.27; 9.69
-0.15; -0.26; 9.83
-0.21; -0.27; 9.83
-0.15; -0.27; 9.76
-0.15; -0.28; 9.85
-0.08; -0.23; 10.09
-0.19; -0.25; 9.57
-0.19; -0.26; 9.73
-0.35; -0.28; 9.71
-0.12; -0.32; 9.73
-0.39; -0.33; 9.67
-0.35; -0.31; 9.75
-0.42; -0.27; 9.77
-0.45; -0.36; 9.57
-0.47; -0.35; 9.72
-0.61; -0.3; 9.44
-0.46; -0.36; 9.68
-0.47; -0.45; 9.57
-0.57; -0.42; 9.55
-0.43; -0.39; 9.79
-0.3; -0.49; 9.74
-0.32; -0.34; 9.82
-0.23; -0.26; 9.83
-0.36; -0.32; 9.81
-0.26; -0.24; 9.81
-0.22; -0.26; 9.73
-0.25; -0.27; 9.81
-0.16; -0.13; 9.89
-0.11; -0.26; 9.78
-0.009999999; -0.26; 9.84
-0.21; -0.21; 9.66
-0.24; -0.28; 9.74
-0.4; -0.34; 9.64
-0.46; -0.31; 9.81
-0.38; -0.32; 9.7
-0.39; -0.28; 9.7
-0.58; -0.3; 9.67
-0.52; -0.33; 9.61
-0.57; -0.31; 9.49
-0.52; -0.35; 9.49
-0.65; -0.36; 9.67
-0.36; -0.36; 9.9
-0.48; -0.45; 9.77
-0.17; -0.3; 9.86
-0.33; -0.27; 9.8
-0.15; -0.21; 9.9
-0.21; -0.31; 9.75
-0.16; -0.28; 9.74
-0.19; -0.22; 9.95
-0.03; -0.18; 9.93
-0.17; -0.24; 9.69
-0.28; -0.21; 9.8
-0.25; -0.3; 9.65
-0.5; -0.32; 9.68
-0.39; -0.29; 9.71
-0.51; -0.34; 9.67
-0.44; -0.34; 9.8
-0.58; -0.36; 9.54
-0.51; -0.33; 9.54
-0.55; -0.4; 9.52
-0.63; -0.43; 9.58
-0.24; -0.25; 10.05
-0.25; -0.33; 9.75
-0.18; -0.27; 9.79
-0.27; -0.27; 9.78
-0.19; -0.22; 9.76
-0.17; -0.25; 9.72
-0.18; -0.25; 9.79
-0.2; -0.16; 10.06
-0.14; -0.23; 9.67
-0.17; -0.25; 9.73
-0.26; -0.26; 9.77
-0.22; -0.3; 9.7
-0.38; -0.21; 9.68
-0.3; -0.26; 9.72
-0.47; -0.34; 9.72
-0.43; -0.39; 9.68
-0.49; -0.33; 9.59
-0.61; -0.33; 9.4
-0.42; -0.39; 9.67
-0.61; -0.41; 9.57
-0.28; -0.34; 9.94
-0.32; -0.32; 9.78
-0.14; -0.28; 9.83
-0.29; -0.27; 9.73
-0.24; -0.37; 9.89
-0.18; -0.33; 9.75
-0.17; -0.29; 9.76
-0.14; -0.28; 9.77
-0.18; -0.19; 9.86
-0.06; -0.18; 9.85
-0.12; -0.21; 9.73
-0.22; -0.22; 9.69
-0.34; -0.28; 9.7
-0.38; -0.28; 9.78
-0.45; -0.32; 9.61
-0.51; -0.33; 9.83
-0.57; -0.33; 9.67
-0.63; -0.33; 9.46
-0.64; -0.36; 9.43
-0.52; -0.4; 9.54
-0.71; -0.47; 9.74
-0.25; -0.29; 10.05
-0.2; -0.35; 9.81
-0.2; -0.22; 9.76
-0.24; -0.31; 9.79
-0.17; -0.26; 9.84
-0.21; -0.18; 9.78
-0.14; -0.23; 9.71
-0.2; 0.27; 9.71
-0.2; 0.27; 9.71
-0.13; 0.29; 9.72
-0.11; 0.35; 9.66
-0.04; 0.47; 9.6
-0.04; 0.47; 9.43
0.02; 0.54; 9.43
0.04; 0.65; 9.44
0.07; 0.8; 9.46
0.08; 0.85; 9.46
0.08; 0.85; 9.46
0.09; 0.94; 9.51
0.07; 0.77; 9.51
0.05; 0.5; 9.46
0.07; 0.34; 9.43
0.07; 0.34; 9.43
-0.07; 0.26; 9.42
-0.009999999; 0.45; 9.4
-0.05; 0.6; 9.45
-0.11; 0.52; 9.45
-0.11; 0.52; 9.45
-0.17; 0.43; 9.45
-0.18; 0.32; 9.51
-0.11; 0.34; 9.56
-0.11; 0.3; 9.63
-0.11; 0.3; 9.63
-0.23; 0.37; 9.62
-0.24; 0.49; 9.6
-0.23; 0.43; 9.54
-0.24; 0.29; 9.51
-0.24; 0.29; 9.51
-0.23; 0.33; 9.5
-0.36; 0.68; 9.39
-0.43; 1.03; 9.36
-0.54; 0.91; 9.34
-0.54; 0.91; 9.34
-0.61; 0.86; 9.3
-0.56; 0.57; 9.4
-0.3; 0.24; 9.43
-0.06; -0.13; 9.4
-0.06; -0.13; 9.4
0.2; -0.36; 9.48
0.29; -0.53; 9.6
0.19; -0.55; 9.61
0.06; -0.21; 9.58
0.06; -0.21; 9.58
-0.16; 0.29; 9.64
-0.27; 0.46; 9.6
-0.33; 0.59; 9.55
-0.36; 0.36; 9.6
-0.36; 0.36; 9.6
-0.36; 0.19; 9.55
-0.31; 0.1; 9.57
-0.26; -0.07; 9.55
0.06; -0.12; 9.61
0.06; -0.12; 9.61
0.05; -0.06; 9.57
0.009999999; -0.04; 9.65
0.05; -0.08; 9.7
-0.07; -0.26; 9.58
-0.07; -0.26; 9.58
-0.07; -0.37; 9.56
-0.14; -0.53; 9.56
-0.11; -0.67; 9.5
-0.13; -0.76; 9.47
-0.13; -0.76; 9.47
-0.12; -0.74; 9.43
-0.18; -0.83; 9.44
-0.21; -0.8; 9.45
-0.24; -0.61; 9.5
-0.24; -0.61; 9.5
-0.21; -0.63; 9.49
-0.21; -0.53; 9.53
-0.23; -0.41; 9.5
-0.26; -0.24; 9.5
-0.26; -0.24; 9.5
-0.29; -0.16; 9.53
-0.31; -0.12; 9.55
-0.3; -0.09; 9.56
-0.31; -0.08; 9.56
-0.31; -0.08; 9.56
-0.31; -0.07; 9.61
-0.34; -0.07; 9.6
-0.37; -0.05; 9.57
-0.37; 0.03; 9.54
-0.37; 0.03; 9.54
-0.38; 0.04; 9.58
-0.39; 0.009999999; 9.58
-0.33; -0.06; 9.65
-0.32; -0.07; 9.67
-0.32; -0.07; 9.67
-0.38; -0.04; 9.63
-0.37; 0.02; 9.59
-0.28; 0.04; 9.48
-0.2; -0.02; 9.45
-0.2; -0.02; 9.45
-0.22; -0.07; 9.46
-0.2; -0.11; 9.49
-0.17; -0.18; 9.57
-0.18; -0.27; 9.63
-0.15; -0.31; 9.65
-0.15; -0.33; 9.61
-0.16; -0.31; 9.58
-0.21; -0.27; 9.52
-0.21; -0.27; 9.52
-0.23; -0.21; 9.51
-0.26; -0.12; 9.54
-0.32; -0.07; 9.51
-0.37; -0.06; 9.49
-0.37; -0.06; 9.49
-0.35; -0.04; 9.46
-0.36; -0.02; 9.49
-0.39; -0.03; 9.52
-0.36; -0.07; 9.54
-0.36; -0.07; 9.54
-0.29; 0.1; 9.49
-0.33; -0.06; 9.5
-0.32; 0.23; 9.62
-0.41; -0.03; 9.55
-0.41; -0.03; 9.55
-0.34; -0.25; 9.68
-0.47; 0.17; 9.61
-0.48; 0.68; 9.3
-0.38; 0.16; 9.44
-0.38; 0.16; 9.44
-0.33; -0.11; 9.51
-0.32; -0.37; 9.41
-0.36; -0.55; 9.36
-0.36; -0.59; 9.45
-0.36; -0.59; 9.45
-0.33; -0.45; 9.45
-0.3; -0.32; 9.49
-0.26; -0.23; 9.65
-0.25; -0.23; 9.61
-0.25; -0.23; 9.61
-0.23; -0.27; 9.56
-0.26; -0.36; 9.65
-0.33; 0.12; 9.05
-0.39; -0.13; 9.38
-0.39; -0.13; 9.38
-0.35; -0.09; 9.46
-0.37; -0.11; 9.56
-0.34; -0.18; 9.63
-0.33; -0.22; 9.64
-0.33; -0.22; 9.64
-0.3; -0.23; 9.61
-0.26; -0.24; 9.66
-0.25; -0.22; 9.65
-0.25; -0.25; 9.58
-0.25; -0.25; 9.58
-0.24; -0.23; 9.57
-0.23; -0.31; 9.52
-0.18; -0.32; 9.57
-0.27; -0.34; 9.49
-0.27; -0.34; 9.49
-0.34; -0.36; 9.56
-0.33; -0.34; 9.55
-0.34; -0.34; 9.46
-0.34; -0.34; 9.46
-0.4; -0.5; 9.33
-0.43; -0.6; 9.22
-0.35; -0.46; 9.37
-0.34; -0.4; 9.62
-0.34; -0.4; 9.62
-0.23; -0.34; 9.65
-0.29; -0.33; 9.55
-0.35; -0.35; 9.56
-0.36; -0.33; 9.41
-0.36; -0.33; 9.41
-0.35; -0.47; 9.43
-0.34; -0.46; 9.56
-0.39; -0.37; 9.47
-0.42; -0.33; 9.39
-0.42; -0.33; 9.39
-0.35; -0.35; 9.39
-0.38; -0.35; 9.45
-0.4; -0.41; 9.47
-0.42; -0.35; 9.61
-0.42; -0.35; 9.61
-0.39; -0.34; 9.63
-0.28; -0.44; 9.72
-0.28; -0.5; 9.68
-0.27; -0.53; 9.64
-0.27; -0.53; 9.64
-0.31; -0.59; 9.5
-0.27; -0.58; 9.45
-0.27; -0.53; 9.45
-0.3; -0.51; 9.48
-0.3; -0.51; 9.48
-0.28; -0.43; 9.51
-0.16; -0.37; 9.52
-0.23; -0.4; 9.55
-0.25; -0.39; 9.53
-0.25; -0.39; 9.53
-0.3; -0.35; 9.55
-0.33; -0.24; 9.57
-0.3; -0.21; 9.56
-0.31; -0.25; 9.5
-0.31; -0.25; 9.5
-0.38; -0.27; 9.46
-0.35; -0.19; 9.46
-0.34; -0.24; 9.54
-0.34; -0.24; 9.54
-0.26; -0.22; 9.34
-0.34; -0.24; 9.44
-0.31; -0.28; 9.48
-0.3; -0.37; 9.37
-0.3; -0.37; 9.37
-0.34; -0.39; 9.37
-0.24; -0.24; 9.44
-0.38; -0.23; 9.42
-0.36; -0.29; 9.48
-0.32; -0.32; 9.54
-0.32; -0.32; 9.54
-0.24; -0.37; 9.53
-0.2; -0.28; 9.57
-0.25; -0.27; 9.59
-0.31; -0.37; 9.44
-0.31; -0.37; 9.44
-0.32; -0.43; 9.54
-0.29; -0.38; 9.61
-0.25; -0.34; 9.59
-0.22; -0.28; 9.55
-0.22; -0.28; 9.55
-0.22; -0.25; 9.51
-0.21; -0.22; 9.49
-0.24; -0.13; 9.52
-0.24; -0.29; 9.52
-0.27; -0.25; 9.6
-0.11; -0.04; 9.76
-0.27; -0.08; 9.73
-0.25; -0.16; 9.66
-0.25; -0.16; 9.66
-0.22; -0.2; 9.71
-0.22; -0.33; 9.58
-0.17; -0.33; 9.5
-0.17; -0.33; 9.48
-0.17; -0.33; 9.48
-0.17; -0.34; 9.56
-0.21; -0.32; 9.58
-0.2; -0.3; 9.57
-0.09; -0.16; 9.68
-0.09; -0.16; 9.68
-0.09; -0.11; 9.71
-0.13; -0.27; 9.67
-0.15; -0.34; 9.67
-0.2; -0.35; 9.58
-0.2; -0.35; 9.58
-0.24; -0.35; 9.44
-0.2; -0.44; 9.67
-0.26; -0.3; 9.63
-0.28; -0.11; 9.58
-0.28; -0.11; 9.58
-0.29; -0.11; 9.48
-0.29; -0.14; 9.46
-0.31; -0.17; 9.44
-0.32; -0.19; 9.42
-0.32; -0.19; 9.42
-0.26; -0.2; 9.44
-0.23; -0.22; 9.46
-0.22; -0.27; 9.45
-0.19; -0.29; 9.47
-0.19; -0.29; 9.47
-0.19; -0.26; 9.48
-0.21; -0.22; 9.53
-0.24; -0.26; 9.59
-0.21; -0.19; 9.63
-0.21; -0.19; 9.63
-0.24; -0.17; 9.64
-0.24; -0.11; 9.63
-0.24; -0.08; 9.64
-0.25; -0.05; 9.67
-0.25; -0.05; 9.67
-0.27; -0.06; 9.66
-0.28; -0.05; 9.66
-0.23; -0.08; 9.67
-0.27; -0.11; 9.7
-0.27; -0.11; 9.7
-0.25; -0.1; 9.7
-0.26; -0.11; 9.67
-0.26; -0.13; 9.59
-0.27; -0.22; 9.55
-0.27; -0.22; 9.55
-0.27; -0.28; 9.5
-0.29; -0.31; 9.51
-0.32; -0.3; 9.47
-0.16; -0.37; 9.49
-0.27; -0.37; 9.49
-0.26; -0.37; 9.39
-0.27; -0.33; 9.33
-0.25; 0.23; 9.56
-0.25; 0.23; 9.56
-0.07; -0.4; 9.9
-0.25; -0.11; 8.99
-0.43; 0.39; 9.09
-0.25; 0.39; 9.37
-0.25; 0.39; 9.37
-0.12; 0.27; 9.7
-0.24; -0.35; 9.67
-0.27; -0.74; 9.6
-0.13; -1.87; 9.32
-0.13; -1.87; 9.32
-0.31; -2.75; 8.95
-0.38; -1.4; 9.26
-0.35; -0.42; 9.61
-0.29; -0.14; 9.68
-0.29; -0.14; 9.68
-0.3; -0.11; 9.77
-0.3; -0.24; 9.66
-0.32; -0.35; 9.57
-0.3; -0.39; 9.5
-0.3; -0.39; 9.5
-0.28; -0.38; 9.37
-0.28; -0.28; 9.38
-0.27; -0.21; 9.41
-0.26; -0.28; 9.43
-0.26; -0.28; 9.58
-0.34; -0.23; 9.56
-0.33; -0.24; 9.53
-0.32; -0.23; 9.55
-0.32; -0.2; 9.59
-0.32; -0.2; 9.59
-0.36; -0.28; 9.59
-0.3; -0.26; 9.65
-0.26; -0.28; 9.67
-0.28; -0.29; 9.62
-0.28; -0.29; 9.62
-0.17; -0.27; 9.66
-0.18; -0.24; 9.63
-0.18; -0.25; 9.61
-0.2; -0.22; 9.55
-0.2; -0.22; 9.55
-0.14; -0.2; 9.74
-0.15; -0.21; 9.63
-0.17; -0.22; 9.58
-0.23; -0.21; 9.55
-0.23; -0.21; 9.55
-0.18; -0.26; 9.51
-0.2; -0.27; 9.56
-0.18; -0.28; 9.57
-0.19; -0.28; 9.59
-0.19; -0.28; 9.59
-0.15; -0.31; 9.47
-0.25; -0.43; 9.51
-0.27; -0.45; 9.5
-0.33; -0.44; 9.52
-0.33; -0.44; 9.52
-0.35; -0.4; 9.49
-0.35; -0.4; 9.46
-0.39; -0.48; 9.24
-0.36; -0.52; 9.4
-0.36; -0.52; 9.4
-0.32; -0.49; 9.44
-0.28; -0.36; 9.47
-0.34; -0.31; 9.5
-0.36; -0.26; 9.44
-0.36; -0.26; 9.44
-0.4; -0.34; 9.48
-0.38; -0.32; 9.43
-0.27; -0.34; 9.46
-0.24; -0.31; 9.43
-0.24; -0.31; 9.43
-0.23; -0.34; 9.46
-0.2; -0.34; 9.44
-0.23; -0.35; 9.49
-0.25; -0.36; 9.55
-0.25; -0.36; 9.55
-0.26; -0.36; 9.58
-0.24; -0.36; 9.57
-0.25; -0.39; 9.58
-0.24; -0.4; 9.58
-0.24; -0.4; 9.58
-0.26; -0.38; 9.59
-0.27; -0.38; 9.59
-0.28; -0.36; 9.64
-0.26; -0.36; 9.61
-0.26; -0.36; 9.61
-0.28; -0.36; 9.59
-0.3; -0.38; 9.55
-0.3; -0.34; 9.55
-0.18; -0.18; 9.38
-0.18; -0.18; 9.38
-0.1; -0.26; 9.83
-0.35; -0.07; 9.58
-0.4; -0.28; 9.54
-0.4; -0.28; 9.54
-0.48; -0.36; 9.6
-0.43; -0.32; 9.55
-0.35; -0.25; 9.48
-0.34; -0.25; 9.61
-0.34; -0.25; 9.61
-0.23; -0.24; 9.62
-0.25; -0.12; 9.42
-0.26; -0.1; 9.53
-0.22; -0.1; 9.45
-0.22; -0.1; 9.45
-0.34; -0.12; 9.74
-0.23; 0.05; 9.56
-0.22; -0.17; 9.66
-0.26; -0.09; 9.7
-0.26; -0.09; 9.7
-0.06; 0.05; 9.64
-0.09; 0.06; 9.72
-0.2; 0.02; 9.69
-0.23; 0.07; 9.56
-0.23; 0.07; 9.56
-0.17; 0.11; 9.39
-0.27; 0.23; 9.51
-0.27; 0.23; 9.4
-0.24; 0.19; 9.37
-0.24; 0.19; 9.37
-0.22; 0.14; 9.53
-0.22; 0.12; 9.43
-0.12; 0.21; 9.34
-0.25; 0.31; 9.33
-0.25; 0.31; 9.33
-0.28; 0.29; 9.32
-0.28; 0.26; 9.39
-0.3; 0.34; 9.31
-0.26; 0.4; 9.12
-0.26; 0.4; 9.12
-0.24; 0.2; 9.17
-0.34; -0.03; 9.69
-0.23; -0.1; 9.87
-0.3; 0.24; 9.53
-0.3; 0.24; 9.53
-0.28; 0.51; 8.84
-0.31; 0.4; 9.17
-0.32; -0.19; 9.62
-0.35; -0.48; 9.83
-0.35; -0.48; 9.83
-0.37; -0.5; 9.78
-0.31; -0.34; 9.7
-0.25; -0.2; 9.66
-0.24; -0.35; 9.7
-0.24; -0.35; 9.7
-0.17; -0.3; 9.76
-0.23; -0.23; 9.72
-0.24; -0.12; 9.66
-0.23; -0.02; 9.52
-0.23; -0.02; 9.52
-0.11; 0.34; 9.37
-0.17; 0.38; 9.19
-0.17; 0.46; 9.24
-0.18; 0.16; 9.28
-0.18; 0.16; 9.28
-0.03; 0.26; 9.61
-0.07; 0.06; 9.75
-0.15; 0.05; 9.73
-0.29; 0.04; 9.64
-0.29; 0.04; 9.64
-0.3; 0.08; 9.64
-0.29; 0.11; 9.51
-0.26; 0.11; 9.48
-0.27; 0.05; 9.55
-0.27; 0.05; 9.55
-0.25; 0.02; 9.57
-0.18; 0.07; 9.46
-0.19; 0.04; 9.46
-0.23; 0.05; 9.45
-0.23; 0.05; 9.45
-0.24; 0.05; 9.42
-0.2; 0.06; 9.41
-0.23; 0.02; 9.44
-0.19; 0.02; 9.49
-0.19; 0.02; 9.49
-0.28; -0.04; 9.56
-0.31; -0.08; 9.6
-0.16; -0.05; 9.61
-0.16; -0.04; 9.6
-0.16; -0.04; 9.6
-0.17; -0.009999999; 9.53
-0.18; -0.009999999; 9.5
-0.16; 0.07; 9.46
-0.17; 0.06; 9.45
-0.17; 0.06; 9.45
-0.14; 0.02; 9.44
-0.17; 0.009999999; 9.45
-0.17; 0.04; 9.46
-0.15; 0.009999999; 9.5
-0.15; 0.009999999; 9.5
-0.21; 0.03; 9.46
-0.2; 0.02; 9.47
-0.19; 0.009999999; 9.52
-0.18; 0.03; 9.51
-0.18; 0.03; 9.51
-0.2; 0.08; 9.52
-0.19; 0.06; 9.48
-0.2; 0.04; 9.53
-0.23; 0.02; 9.57
-0.23; 0.02; 9.57
-0.2; 0.03; 9.65
-0.21; 0.009999999; 9.64
-0.2; 0.009999999; 9.6
-0.23; 0.009999999; 9.59
-0.23; 0.009999999; 9.59
-0.28; -0.009999999; 9.51
-0.24; 0.009999999; 9.5
-0.21; 0.04; 9.52
-0.16; 0.1; 9.48
-0.16; 0.1; 9.48
-0.18; 0.05; 9.5
-0.16; 0.03; 9.52
-0.18; 0.05; 9.52
-0.25; 0.04; 9.51
-0.25; 0.04; 9.51
-0.24; -0.02; 9.43
-0.18; 0.0; 9.45
-0.2; -0.03; 9.47
-0.18; 0.03; 9.45
-0.18; 0.03; 9.45
-0.27; 0.06; 9.34
-0.21; 0.03; 9.42
-0.16; 0.04; 9.44
-0.11; 0.05; 9.44
-0.11; 0.05; 9.44
-0.1; 0.06; 9.55
-0.11; 0.03; 9.52
-0.13; 0.05; 9.49
-0.12; 0.06; 9.5
-0.12; 0.06; 9.5
-0.11; 0.07; 9.48
-0.13; 0.09; 9.5
-0.15; 0.1; 9.53
-0.2; 0.07; 9.51
-0.2; 0.07; 9.51
-0.13; 0.05; 9.51
-0.17; 0.009999999; 9.53
-0.19; -0.02; 9.56
-0.26; -0.02; 9.55
-0.26; -0.02; 9.55
-0.22; 0.0; 9.51
-0.2; 0.04; 9.49
-0.22; 0.009999999; 9.48
-0.2; 0.0; 9.49
-0.2; -0.009999999; 9.52
-0.17; -0.02; 9.6
-0.17; 0.0; 9.66
-0.18; 0.07; 9.53
-0.18; 0.07; 9.53
-0.13; 0.02; 9.38
-0.09; 0.08; 9.43
-0.11; 0.06; 9.51
-0.1; 0.05; 9.51
-0.1; 0.05; 9.51
-0.12; 0.08; 9.54
-0.11; 0.08; 9.54
-0.14; 0.09; 9.47
-0.17; 0.11; 9.45
-0.17; 0.11; 9.45
-0.16; 0.11; 9.48
-0.12; 0.14; 9.45
-0.17; 0.14; 9.43
-0.17; 0.13; 9.44
-0.17; 0.13; 9.44
-0.2; 0.11; 9.47
-0.19; 0.11; 9.48
-0.2; 0.15; 9.45
-0.22; 0.13; 9.45
-0.22; 0.13; 9.45
-0.21; 0.11; 9.48
-0.2; 0.11; 9.46
-0.19; 0.1; 9.47
-0.19; 0.1; 9.47
-0.15; 0.08; 9.5
-0.14; 0.08; 9.51
-0.12; 0.1; 9.47
-0.15; 0.08; 9.49
-0.15; 0.08; 9.49
-0.15; 0.06; 9.5
-0.18; 0.08; 9.51
-0.15; 0.09; 9.5
-0.13; 0.09; 9.49
-0.13; 0.09; 9.49
-0.16; 0.05; 9.42
-0.16; 0.08; 9.45
-0.17; 0.11; 9.49
-0.18; 0.1; 9.5
-0.18; 0.1; 9.5
-0.08; 0.03; 9.59
-0.12; 0.08; 9.59
-0.14; 0.07; 9.62
-0.14; 0.07; 9.55
-0.14; 0.07; 9.55
-0.08; 0.09; 9.57
-0.1; 0.06; 9.55
-0.13; 0.04; 9.49
-0.17; 0.05; 9.49
-0.17; 0.05; 9.49
-0.16; 0.08; 9.36
-0.15; 0.07; 9.42
-0.12; 0.08; 9.48
-0.09; 0.08; 9.47
-0.09; 0.08; 9.47
-0.11; 0.09; 9.47
-0.14; 0.08; 9.47
-0.15; 0.07; 9.49
-0.19; 0.07; 9.55
-0.19; 0.07; 9.55
-0.19; 0.1; 9.51
-0.19; 0.06; 9.55
-0.2; 0.07; 9.57
-0.18; 0.07; 9.58
-0.18; 0.07; 9.58
-0.19; 0.08; 9.56
-0.2; 0.09; 9.54
-0.19; 0.08; 9.55
-0.22; 0.06; 9.51
-0.22; 0.06; 9.51
-0.18; 0.06; 9.51
-0.19; 0.06; 9.54
-0.17; 0.07; 9.52
-0.19; 0.07; 9.51
-0.19; 0.07; 9.51
-0.19; 0.06; 9.54
-0.16; 0.06; 9.53
-0.18; 0.06; 9.5
-0.15; 0.03; 9.48
-0.15; 0.03; 9.48
-0.14; 0.05; 9.48
-0.15; 0.05; 9.51
-0.14; 0.05; 9.5
-0.11; 0.07; 9.49
-0.11; 0.07; 9.49
-0.12; 0.05; 9.53
-0.1; 0.09; 9.48
-0.09; 0.09; 9.47
-0.09; 0.06; 9.55
-0.11; 0.06; 9.55
-0.11; 0.07; 9.53
-0.17; 0.07; 9.55
-0.17; 0.08; 9.51
-0.17; 0.08; 9.51
-0.16; 0.07; 9.4
-0.19; 0.11; 9.49
-0.19; 0.09; 9.51
-0.18; 0.07; 9.52
-0.18; 0.07; 9.52
-0.11; 0.06; 9.56
-0.18; 0.05; 9.55
-0.15; 0.07; 9.53
-0.17; 0.06; 9.54
-0.17; 0.06; 9.54
-0.13; 0.05; 9.55
-0.13; 0.05; 9.54
-0.12; 0.08; 9.53
-0.13; 0.05; 9.5
-0.13; 0.05; 9.5
-0.09; 0.08; 9.54
-0.13; 0.06; 9.51
-0.11; 0.05; 9.54
-0.13; 0.04; 9.62
-0.13; 0.04; 9.62
-0.17; 0.05; 9.43
-0.15; 0.04; 9.45
-0.13; 0.03; 9.5
-0.12; 0.02; 9.51
-0.12; 0.02; 9.51
-0.21; 0.009999999; 9.41
-0.16; 0.03; 9.46
-0.11; 0.04; 9.48
-0.12; 0.03; 9.49
-0.12; 0.03; 9.49
-0.14; 0.03; 9.47
-0.13; 0.04; 9.47
-0.12; 0.07; 9.46
-0.14; 0.06; 9.47
-0.13; 0.06; 9.47
-0.13; 0.06; 9.47
-0.15; 0.04; 9.5
-0.15; 0.02; 9.48
-0.15; 0.04; 9.5
-0.15; 0.05; 9.53
-0.15; 0.05; 9.53
-0.14; 0.04; 9.5
-0.15; 0.05; 9.49
-0.14; 0.06; 9.47
-0.18; 0.05; 9.52
-0.18; 0.05; 9.52
-0.16; 0.03; 9.54
-0.15; 0.04; 9.54
-0.13; 0.04; 9.52
-0.15; 0.03; 9.45
-0.15; 0.03; 9.45
-0.15; 0.04; 9.46
-0.17; 0.04; 9.52
-0.16; 0.04; 9.49
-0.15; 0.03; 9.49
-0.15; 0.03; 9.49
-0.12; 0.03; 9.53
-0.17; 0.05; 9.54
-0.16; 0.07; 9.5
-0.13; 0.07; 9.52
-0.13; 0.07; 9.52
-0.12; 0.05; 9.55
-0.11; 0.03; 9.58
-0.11; 0.05; 9.53
-0.12; 0.03; 9.6
-0.12; 0.03; 9.6
-0.13; 0.03; 9.57
-0.17; 0.03; 9.51
-0.2; 0.04; 9.52
-0.16; 0.02; 9.46
-0.16; 0.02; 9.46
-0.15; 0.009999999; 9.48
-0.12; 0.04; 9.47
-0.12; 0.03; 9.53
-0.15; 0.05; 9.51
-0.15; 0.05; 9.51
-0.11; 0.02; 9.53
-0.11; 0.02; 9.52
-0.11; 0.03; 9.55
-0.14; 0.02; 9.58
-0.14; 0.02; 9.58
-0.16; 0.03; 9.56
-0.16; 0.02; 9.54
-0.13; 0.03; 9.54
-0.12; 0.05; 9.56
-0.12; 0.05; 9.56
-0.14; 0.04; 9.55
-0.13; 0.05; 9.54
-0.13; 0.05; 9.54
-0.16; 0.07; 9.52
-0.16; 0.07; 9.52
-0.18; 0.07; 9.53
-0.19; 0.09; 9.53
-0.19; 0.08; 9.57
-0.16; 0.07; 9.52
-0.16; 0.07; 9.52
-0.15; 0.05; 9.51
-0.19; 0.07; 9.48
-0.15; 0.02; 9.48
-0.13; 0.009999999; 9.52
-0.13; 0.009999999; 9.52
-0.17; 0.04; 9.5
-0.12; 0.03; 9.49
-0.1; 0.06; 9.5
-0.12; 0.07; 9.49
-0.12; 0.07; 9.49
-0.11; 0.07; 9.47
-0.1; 0.06; 9.49
-0.11; 0.06; 9.48
-0.1; 0.05; 9.44
-0.1; 0.05; 9.44
-0.11; 0.08; 9.49
-0.1; 0.08; 9.49
-0.12; 0.05; 9.54
-0.11; 0.05; 9.56
-0.11; 0.05; 9.56
-0.11; 0.04; 9.59
-0.12; 0.05; 9.6
-0.13; 0.08; 9.58
-0.18; 0.06; 9.55
-0.18; 0.06; 9.55
-0.17; 0.08; 9.53
-0.18; 0.07; 9.49
-0.16; 0.07; 9.49
-0.16; 0.04; 9.54
-0.16; 0.04; 9.54
-0.15; 0.06; 9.53
-0.18; 0.05; 9.54
-0.17; 0.06; 9.52
-0.16; 0.05; 9.53
-0.16; 0.05; 9.53
-0.13; 0.04; 9.55
-0.13; 0.02; 9.54
-0.16; 0.0; 9.58
-0.12; 0.009999999; 9.51
-0.12; 0.009999999; 9.51
-0.13; 0.03; 9.52
-0.11; 0.04; 9.53
-0.12; 0.04; 9.55
-0.1; 0.03; 9.58
-0.1; 0.03; 9.58
-0.11; 0.04; 9.52
-0.12; 0.04; 9.48
-0.14; 0.02; 9.5
-0.13; 0.03; 9.5
-0.13; 0.03; 9.5
-0.17; 0.05; 9.54
-0.17; 0.02; 9.52
-0.15; 0.06; 9.5
-0.14; 0.03; 9.51
-0.14; 0.03; 9.51
-0.15; 0.02; 9.51
-0.13; 0.009999999; 9.52
-0.12; 0.04; 9.53
-0.14; 0.05; 9.54
-0.14; 0.05; 9.54
-0.14; 0.03; 9.53
-0.18; 0.03; 9.54
-0.15; 0.04; 9.54
-0.11; 0.07; 9.52
-0.11; 0.07; 9.52
-0.15; 0.08; 9.51
-0.15; 0.06; 9.5
-0.17; 0.04; 9.52
-0.18; 0.04; 9.49
-0.18; 0.04; 9.49
-0.14; 0.04; 9.51
-0.11; 0.06; 9.51
-0.11; 0.03; 9.53
-0.11; 0.05; 9.57
-0.11; 0.05; 9.57
-0.12; 0.03; 9.55
-0.12; 0.05; 9.55
-0.11; 0.04; 9.56
-0.13; 0.05; 9.53
-0.13; 0.05; 9.53
-0.11; 0.04; 9.51
-0.12; 0.06; 9.51
-0.12; 0.04; 9.49
-0.11; 0.04; 9.48
-0.11; 0.04; 9.48
-0.15; 0.03; 9.53
-0.11; 0.04; 9.52
-0.11; 0.03; 9.55
-0.11; 0.03; 9.58
-0.11; 0.03; 9.58
-0.09; 0.02; 9.54
-0.14; 0.009999999; 9.51
-0.14; 0.009999999; 9.51
-0.14; -0.009999999; 9.48
-0.14; -0.009999999; 9.48
-0.11; -0.02; 9.46
-0.12; -0.02; 9.45
-0.13; -0.02; 9.48
-0.13; -0.04; 9.51
-0.13; -0.04; 9.51
-0.13; 0.0; 9.44
-0.11; 0.009999999; 9.46
-0.1; 0.04; 9.49
-0.09; 0.009999999; 9.49
-0.09; 0.009999999; 9.49
-0.1; 0.02; 9.53
-0.12; 0.05; 9.52
-0.09; 0.06; 9.56
-0.11; 0.04; 9.54
-0.11; 0.04; 9.54
-0.17; 0.03; 9.45
-0.14; 0.02; 9.52
-0.13; 0.03; 9.53
-0.14; 0.04; 9.55
-0.14; 0.04; 9.55
-0.17; 0.11; 9.57
-0.15; 0.11; 9.51
-0.14; 0.11; 9.52
-0.15; 0.11; 9.52
-0.15; 0.11; 9.52
-0.16; 0.09; 9.59
-0.14; 0.06; 9.56
-0.14; 0.03; 9.51
-0.11; 0.05; 9.48
-0.11; 0.05; 9.48
-0.13; 0.04; 9.35
-0.13; 0.04; 9.47
-0.11; 0.03; 9.52
-0.11; 0.04; 9.49
-0.11; 0.04; 9.49
-0.13; 0.04; 9.54
-0.1; 0.03; 9.53
-0.08; 0.04; 9.54
-0.11; 0.05; 9.55
-0.11; 0.05; 9.55
-0.18; 0.06; 9.46
-0.14; 0.02; 9.52
-0.11; 0.0; 9.57
-0.15; -0.009999999; 9.55
-0.15; -0.009999999; 9.55
-0.18; -0.05; 9.6
-0.25; -0.04; 9.53
-0.17; -0.06; 9.54
0.0; 0.33; 9.28
0.0; 0.33; 9.28
-0.1; 0.25; 9.29
-0.27; 0.08; 9.45
-0.28; 0.0; 9.53
-0.23; 0.07; 9.54
-0.23; 0.07; 9.54
-0.15; 0.12; 9.53
-0.23; 0.13; 9.51
-0.17; 0.11; 9.5
-0.14; 0.06; 9.54
-0.14; 0.06; 9.54
-0.12; -0.05; 9.57
-0.13; 0.11; 9.58
-0.23; 0.11; 9.54
-0.26; 0.07; 9.6
-0.26; 0.07; 9.6
-0.16; 0.12; 9.62
-0.16; 0.11; 9.58
-0.13; 0.2; 9.53
-0.12; 0.26; 9.47
-0.12; 0.26; 9.47
-0.17; 0.2; 9.45
-0.12; 0.19; 9.34
-0.11; 0.25; 9.39
-0.12; 0.35; 9.42
-0.12; 0.35; 9.42
-0.15; 0.27; 9.41
-0.12; 0.2; 9.41
-0.16; 0.27; 9.48
-0.14; 0.28; 9.5
-0.14; 0.28; 9.5
-0.07; 0.31; 9.45
-0.03; 0.28; 9.41
-0.03; 0.2; 9.41
-0.05; 0.23; 9.46
-0.05; 0.23; 9.46
-0.14; 0.2; 9.53
-0.16; 0.19; 9.62
-0.14; 0.19; 9.6
-0.16; 0.25; 9.63
-0.16; 0.25; 9.63
-0.14; 0.2; 9.72
-0.08; 0.18; 9.66
-0.05; 0.19; 9.6
-0.04; 0.22; 9.62
-0.04; 0.22; 9.62
-0.07; 0.25; 9.69
0.07; 0.37; 9.65
-0.08; 0.21; 9.55
-0.15; 0.2; 9.5
-0.15; 0.2; 9.5
-0.14; 0.29; 9.42
-0.17; 0.22; 9.44
-0.18; 0.29; 9.49
-0.15; 0.31; 9.5
-0.15; 0.31; 9.5
-0.17; 0.27; 9.55
-0.11; 0.26; 9.58
-0.15; 0.23; 9.56
-0.18; 0.28; 9.5
-0.18; 0.28; 9.5
-0.37; 0.12; 9.49
-0.24; 0.29; 9.42
-0.25; 0.32; 9.43
-0.19; 0.45; 9.45
-0.19; 0.45; 9.45
-0.13; 0.57; 9.48
-0.16; 0.5; 9.53
-0.12; 0.61; 9.45
-0.03; 0.62; 9.35
-0.03; 0.62; 9.35
0.0; 0.62; 9.28
0.009999999; 0.62; 9.36
0.04; 0.57; 9.39
0.05; 0.55; 9.45
0.05; 0.55; 9.45
0.11; 0.54; 9.47
0.1; 0.49; 9.52
0.08; 0.38; 9.53
0.07; 0.36; 9.59
0.07; 0.36; 9.59
0.09; 0.39; 9.55
0.03; 0.31; 9.53
0.02; 0.25; 9.49
0.04; 0.26; 9.41
0.04; 0.26; 9.41
0.009999999; 0.27; 9.39
-0.02; 0.25; 9.4
-0.05; 0.19; 9.47
-0.09; 0.11; 9.52
-0.09; 0.11; 9.52
-0.11; 0.04; 9.58
-0.18; 0.04; 9.57
-0.36; 0.11; 9.51
-0.29; 0.09; 9.55
-0.29; 0.09; 9.55
-0.17; 0.13; 9.5
-0.11; -0.09; 9.56
-0.12; -0.18; 9.59
-0.12; -0.18; 9.59
-0.07; -0.17; 9.66
-0.02; -0.22; 9.71
-0.009999999; -0.22; 9.67
-0.04; -0.2; 9.59
-0.04; -0.2; 9.59
-0.04; -0.21; 9.56
-0.02; -0.19; 9.49
-0.02; -0.2; 9.49
-0.02; -0.22; 9.45
-0.02; -0.22; 9.45
-0.05; -0.24; 9.44
-0.03; -0.22; 9.39
0.0; -0.18; 9.41
-0.03; -0.18; 9.41
-0.03; -0.18; 9.41
-0.009999999; -0.15; 9.45
-0.02; -0.11; 9.48
-0.06; -0.09; 9.47
-0.09; -0.1; 9.51
-0.09; -0.1; 9.51
-0.08; -0.1; 9.55
-0.11; -0.07; 9.51
-0.15; -0.07; 9.52
-0.15; -0.07; 9.52
-0.11; -0.11; 9.46
-0.11; -0.12; 9.42
-0.08; -0.17; 9.41
-0.03; -0.17; 9.4
-0.03; -0.17; 9.4
-0.02; -0.21; 9.32
0.02; -0.18; 9.45
-0.009999999; -0.17; 9.53
-0.009999999; -0.17; 9.65
-0.009999999; -0.17; 9.65
-0.06; -0.15; 9.78
-0.1; -0.15; 9.74
-0.13; -0.14; 9.76
-0.22; -0.14; 9.71
-0.22; -0.14; 9.71
-0.23; -0.1; 9.73
-0.2; -0.07; 9.77
-0.21; -0.04; 9.75
-0.22; -0.04; 9.69
-0.22; -0.04; 9.69
-0.22; 0.02; 9.7
-0.26; -0.02; 9.63
-0.25; -0.02; 9.61
-0.28; -0.04; 9.51
-0.28; -0.04; 9.51
-0.22; 0.02; 9.28
-0.23; -0.02; 9.37
-0.22; -0.05; 9.42
-0.25; -0.08; 9.48
-0.25; -0.08; 9.48
-0.22; -0.11; 9.57
-0.19; -0.15; 9.59
-0.2; -0.15; 9.56
-0.16; -0.21; 9.56
-0.16; -0.21; 9.56
-0.15; -0.16; 9.6
-0.11; -0.17; 9.56
-0.1; -0.19; 9.55
-0.11; -0.16; 9.55
-0.11; -0.16; 9.55
-0.11; -0.23; 9.49
-0.13; -0.22; 9.5
-0.19; -0.25; 9.48
-0.19; -0.18; 9.54
-0.19; -0.18; 9.54
-0.18; -0.13; 9.59
-0.21; -0.09; 9.61
-0.29; -0.08; 9.65
-0.36; -0.05; 9.62
-0.36; -0.05; 9.62
-0.39; -0.05; 9.6
-0.34; -0.02; 9.6
-0.29; -0.02; 9.59
-0.24; -0.05; 9.59
-0.24; -0.05; 9.59
-0.13; -0.11; 9.59
-0.07; -0.19; 9.57
-0.02; -0.25; 9.54
0.04; -0.28; 9.52
0.04; -0.28; 9.52
0.0; -0.24; 9.49
0.03; -0.28; 9.46
0.009999999; -0.24; 9.47
0.0; -0.24; 9.51
0.0; -0.24; 9.51
0.02; -0.25; 9.45
-0.04; -0.26; 9.47
-0.11; -0.22; 9.46
-0.2; -0.21; 9.45
-0.2; -0.21; 9.45
-0.25; -0.19; 9.49
-0.28; -0.16; 9.49
-0.36; -0.1; 9.51
-0.39; -0.09; 9.55
-0.39; -0.09; 9.55
-0.36; -0.04; 9.54
-0.4; -0.07; 9.56
-0.42; -0.07; 9.61
-0.41; -0.05; 9.61
-0.41; -0.05; 9.61
-0.41; -0.05; 9.63
-0.36; -0.05; 9.67
-0.36; -0.07; 9.67
-0.34; -0.09; 9.66
-0.34; -0.09; 9.66
-0.34; -0.15; 9.66
-0.28; -0.15; 9.66
-0.22; -0.19; 9.65
-0.18; -0.23; 9.63
-0.18; -0.23; 9.63
-0.15; -0.24; 9.58
-0.13; -0.26; 9.59
-0.15; -0.3; 9.55
-0.14; -0.28; 9.56
-0.14; -0.28; 9.56
-0.11; -0.23; 9.52
-0.15; -0.22; 9.46
-0.15; -0.16; 9.45
-0.15; -0.15; 9.39
-0.15; -0.15; 9.39
-0.17; -0.13; 9.43
-0.15; -0.13; 9.46
-0.14; -0.12; 9.48
-0.14; -0.12; 9.48
-0.16; -0.1; 9.49
-0.14; -0.07; 9.51
-0.11; -0.11; 9.56
-0.09; -0.13; 9.6
-0.09; -0.13; 9.6
-0.04; -0.08; 9.67
-0.08; -0.11; 9.62
-0.1; -0.11; 9.6
-0.18; -0.11; 9.63
-0.18; -0.11; 9.63
-0.29; -0.1; 9.46
-0.29; -0.09; 9.5
-0.28; -0.08; 9.52
-0.25; -0.11; 9.52
-0.25; -0.11; 9.52
-0.31; -0.12; 9.54
-0.33; -0.11; 9.54
-0.3; -0.12; 9.54
-0.27; -0.12; 9.54
-0.27; -0.12; 9.54
-0.24; -0.1; 9.45
-0.24; -0.09; 9.47
-0.21; -0.11; 9.5
-0.17; -0.11; 9.53
-0.17; -0.11; 9.53
-0.15; -0.11; 9.56
-0.14; -0.14; 9.56
-0.13; -0.14; 9.55
-0.17; -0.14; 9.55
-0.17; -0.14; 9.55
-0.15; -0.15; 9.57
-0.13; -0.14; 9.55
-0.14; -0.18; 9.52
-0.13; -0.12; 9.48
-0.13; -0.12; 9.48
-0.12; -0.12; 9.47
-0.13; -0.13; 9.46
-0.16; -0.17; 9.49
-0.16; -0.16; 9.5
-0.16; -0.16; 9.5
-0.15; -0.14; 9.46
-0.17; -0.16; 9.49
-0.19; -0.16; 9.49
-0.21; -0.19; 9.53
-0.21; -0.19; 9.53
-0.25; -0.2; 9.54
-0.21; -0.13; 9.55
-0.2; -0.12; 9.6
-0.24; -0.11; 9.58
-0.24; -0.11; 9.58
-0.21; -0.11; 9.58
-0.23; -0.1; 9.59
-0.19; -0.12; 9.56
-0.2; -0.16; 9.57
-0.2; -0.16; 9.57
-0.2; -0.15; 9.57
-0.17; -0.12; 9.55
-0.18; -0.12; 9.57
-0.16; -0.14; 9.56
-0.16; -0.14; 9.56
-0.17; -0.16; 9.58
-0.16; -0.11; 9.6
-0.2; -0.12; 9.58
-0.17; -0.12; 9.55
-0.17; -0.12; 9.55
-0.18; -0.11; 9.53
-0.15; -0.11; 9.53
-0.18; -0.11; 9.49
-0.18; -0.1; 9.49
-0.18; -0.1; 9.49
-0.17; -0.13; 9.49
-0.12; -0.11; 9.48
-0.11; -0.11; 9.46
-0.11; -0.11; 9.45
-0.11; -0.11; 9.45
-0.07; -0.1; 9.48
-0.08; -0.13; 9.49
-0.12; -0.16; 9.53
-0.17; -0.14; 9.57
-0.17; -0.14; 9.57
-0.17; -0.14; 9.56
-0.19; -0.19; 9.58
-0.2; -0.16; 9.57
-0.21; -0.11; 9.58
-0.21; -0.11; 9.58
-0.22; -0.12; 9.56
-0.22; -0.11; 9.59
-0.27; -0.11; 9.59
-0.26; -0.1; 9.63
-0.26; -0.1; 9.63
-0.28; -0.09; 9.66
-0.23; -0.11; 9.65
-0.22; -0.07; 9.6
-0.22; -0.07; 9.6
-0.17; -0.07; 9.77
-0.16; -0.11; 9.72
-0.15; -0.13; 9.7
-0.15; -0.11; 9.71
-0.15; -0.11; 9.71
-0.17; -0.18; 9.71
-0.14; -0.18; 9.72
-0.12; -0.17; 9.73
-0.09; -0.15; 9.69
-0.09; -0.15; 9.69
-0.1; -0.12; 9.66
-0.12; -0.12; 9.63
-0.13; -0.15; 9.59
-0.13; -0.2; 9.57
-0.13; -0.2; 9.57
-0.07; -0.21; 9.55
-0.05; -0.22; 9.58
-0.07; -0.22; 9.56
-0.07; -0.22; 9.57
-0.07; -0.22; 9.57
-0.06; -0.22; 9.6
-0.07; -0.22; 9.57
-0.05; -0.27; 9.58
-0.07; -0.3; 9.54
-0.07; -0.3; 9.54
-0.09; -0.31; 9.55
-0.11; -0.3; 9.5
-0.12; -0.28; 9.51
-0.11; -0.27; 9.53
-0.11; -0.27; 9.53
-0.12; -0.31; 9.55
-0.14; -0.33; 9.56
-0.15; -0.34; 9.54
-0.18; -0.34; 9.59
-0.18; -0.34; 9.59
-0.2; -0.36; 9.56
-0.19; -0.38; 9.55
-0.19; -0.37; 9.53
-0.19; -0.37; 9.53
-0.2; -0.35; 9.62
-0.22; -0.38; 9.57
-0.18; -0.39; 9.55
-0.18; -0.39; 9.5
-0.18; -0.39; 9.5
-0.15; -0.37; 9.5
-0.18; -0.39; 9.49
-0.18; -0.38; 9.55
-0.16; -0.37; 9.54
-0.16; -0.37; 9.54
-0.18; -0.34; 9.48
-0.17; -0.4; 9.52
-0.17; -0.4; 9.57
-0.2; -0.39; 9.57
-0.2; -0.39; 9.57
-0.24; -0.42; 9.42
-0.25; -0.41; 9.49
-0.25; -0.41; 9.5
-0.25; -0.42; 9.49
-0.25; -0.42; 9.49
-0.3; -0.45; 9.45
-0.26; -0.46; 9.45
-0.26; -0.43; 9.45
-0.29; -0.45; 9.47
-0.29; -0.45; 9.47
-0.27; -0.41; 9.6
-0.31; -0.44; 9.6
-0.3; -0.43; 9.58
-0.3; -0.46; 9.59
-0.3; -0.46; 9.59
-0.37; -0.47; 9.66
-0.34; -0.47; 9.6
-0.3; -0.45; 9.58
-0.27; -0.51; 9.6
-0.27; -0.51; 9.6
-0.25; -0.51; 9.57
-0.23; -0.51; 9.55
-0.25; -0.47; 9.53
-0.26; -0.48; 9.48
-0.26; -0.48; 9.48
-0.19; -0.55; 9.36
-0.25; -0.5; 9.42
-0.34; -0.51; 9.49
-0.3; -0.48; 9.52
-0.3; -0.48; 9.52
-0.34; -0.51; 9.47
-0.34; -0.51; 9.52
-0.31; -0.5; 9.53
-0.3; -0.48; 9.54
-0.3; -0.48; 9.54
-0.23; -0.55; 9.45
-0.28; -0.52; 9.48
-0.33; -0.54; 9.53
-0.33; -0.54; 9.54
-0.33; -0.54; 9.54
-0.24; -0.57; 9.71
-0.32; -0.55; 9.6
-0.34; -0.54; 9.55
-0.38; -0.54; 9.54
-0.38; -0.54; 9.54
-0.34; -0.56; 9.56
-0.34; -0.56; 9.56
-0.4; -0.52; 9.53
-0.42; -0.53; 9.51
-0.42; -0.53; 9.51
-0.33; -0.51; 9.53
-0.39; -0.5; 9.51
-0.36; -0.5; 9.51
-0.36; -0.5; 9.49
-0.36; -0.5; 9.49
-0.38; -0.53; 9.47
-0.39; -0.49; 9.46
-0.41; -0.52; 9.48
-0.38; -0.53; 9.45
-0.38; -0.53; 9.45
-0.41; -0.5; 9.49
-0.44; -0.51; 9.45
-0.43; -0.53; 9.41
-0.41; -0.53; 9.4
-0.41; -0.53; 9.4
-0.38; -0.54; 9.5
-0.4; -0.52; 9.43
-0.42; -0.52; 9.35
-0.44; -0.52; 9.33
-0.44; -0.52; 9.33
-0.54; -0.54; 9.32
-0.49; -0.51; 9.29
-0.49; -0.51; 9.3
-0.47; -0.48; 9.34
-0.47; -0.48; 9.34
-0.4; -0.49; 9.26
-0.48; -0.53; 9.38
-0.47; -0.5; 9.43
-0.44; -0.49; 9.44
-0.44; -0.49; 9.44
-0.51; -0.5; 9.47
-0.48; -0.5; 9.49
-0.47; -0.51; 9.5
-0.46; -0.52; 9.51
-0.46; -0.52; 9.51
-0.44; -0.52; 9.52
-0.47; -0.53; 9.53
-0.47; -0.55; 9.54
-0.45; -0.5; 9.5
-0.45; -0.5; 9.5
-0.45; -0.5; 9.36
-0.45; -0.49; 9.4
-0.45; -0.45; 9.39
-0.47; -0.47; 9.44
-0.47; -0.47; 9.44
-0.54; -0.44; 9.5
-0.51; -0.45; 9.45
-0.48; -0.47; 9.42
-0.45; -0.46; 9.4
-0.45; -0.46; 9.4
-0.41; -0.54; 9.39
-0.45; -0.49; 9.43
-0.44; -0.5; 9.49
-0.47; -0.52; 9.51
-0.47; -0.52; 9.51
-0.55; -0.47; 9.54
-0.5; -0.44; 9.54
-0.49; -0.44; 9.56
-0.48; -0.49; 9.59
-0.48; -0.49; 9.59
-0.45; -0.46; 9.57
-0.39; -0.47; 9.55
-0.38; -0.46; 9.57
-0.36; -0.47; 9.54
-0.36; -0.47; 9.54
-0.43; -0.46; 9.61
-0.39; -0.45; 9.54
-0.38; -0.49; 9.51
-0.38; -0.48; 9.53
-0.38; -0.48; 9.53
-0.53; -0.51; 9.7
-0.47; -0.45; 9.63
-0.45; -0.41; 9.61
-0.43; -0.44; 9.59
-0.43; -0.44; 9.59
-0.44; -0.4; 9.57
-0.45; -0.41; 9.56
-0.42; -0.38; 9.57
-0.43; -0.42; 9.56
-0.43; -0.42; 9.56
-0.44; -0.46; 9.57
-0.43; -0.45; 9.58
-0.36; -0.43; 9.52
-0.28; -0.44; 9.53
-0.28; -0.44; 9.53
-0.26; -0.48; 9.42
-0.29; -0.46; 9.47
-0.29; -0.45; 9.46
-0.33; -0.41; 9.49
-0.33; -0.41; 9.49
-0.33; -0.38; 9.43
-0.35; -0.4; 9.5
-0.38; -0.38; 9.55
-0.34; -0.38; 9.58
-0.34; -0.38; 9.58
-0.33; -0.37; 9.62
-0.37; -0.34; 9.59
-0.38; -0.31; 9.61
-0.38; -0.27; 9.64
-0.38; -0.27; 9.64
-0.37; -0.25; 9.62
-0.37; -0.28; 9.62
-0.35; -0.31; 9.62
-0.37; -0.31; 9.64
-0.37; -0.31; 9.64
-0.34; -0.28; 9.64
-0.35; -0.26; 9.63
-0.27; -0.3; 9.61
-0.27; -0.3; 9.61
-0.25; -0.31; 9.6
-0.26; -0.33; 9.59
-0.27; -0.34; 9.57
-0.28; -0.29; 9.58
-0.28; -0.29; 9.58
-0.31; -0.27; 9.59
-0.33; -0.27; 9.58
-0.35; -0.24; 9.58
-0.36; -0.2; 9.53
-0.36; -0.2; 9.53
-0.37; -0.18; 9.51
-0.34; -0.16; 9.53
-0.28; -0.18; 9.5
-0.32; -0.25; 9.53
-0.32; -0.25; 9.53
-0.32; -0.25; 9.55
-0.33; -0.26; 9.6
-0.33; -0.26; 9.59
-0.34; -0.26; 9.59
-0.34; -0.26; 9.59
-0.33; -0.22; 9.62
-0.29; -0.22; 9.58
-0.27; -0.21; 9.57
-0.26; -0.26; 9.57
-0.26; -0.26; 9.57
-0.22; -0.3; 9.6
-0.23; -0.29; 9.59
-0.25; -0.28; 9.59
-0.32; -0.26; 9.6
-0.32; -0.26; 9.6
-0.32; -0.26; 9.61
-0.32; -0.26; 9.59
-0.29; -0.25; 9.59
-0.34; -0.26; 9.57
-0.34; -0.26; 9.57
-0.33; -0.25; 9.59
-0.34; -0.27; 9.65
-0.33; -0.24; 9.61
-0.32; -0.24; 9.57
-0.32; -0.24; 9.57
-0.34; -0.24; 9.58
-0.33; -0.23; 9.52
-0.3; -0.23; 9.55
-0.32; -0.22; 9.57
-0.32; -0.22; 9.57
-0.29; -0.21; 9.6
-0.28; -0.23; 9.58
-0.26; -0.18; 9.54
-0.28; -0.18; 9.52
-0.28; -0.18; 9.52
-0.27; -0.18; 9.53
-0.27; -0.21; 9.54
-0.28; -0.22; 9.53
-0.31; -0.25; 9.56
-0.31; -0.25; 9.56
-0.3; -0.23; 9.57
-0.28; -0.21; 9.58
-0.27; -0.24; 9.58
-0.26; -0.23; 9.56
-0.26; -0.23; 9.56
-0.32; -0.26; 9.61
-0.26; -0.25; 9.6
-0.27; -0.24; 9.63
-0.29; -0.19; 9.61
-0.29; -0.19; 9.61
-0.3; -0.23; 9.59
-0.27; -0.21; 9.61
-0.27; -0.18; 9.62
-0.28; -0.21; 9.66
-0.28; -0.21; 9.66
-0.26; -0.23; 9.7
-0.24; -0.22; 9.71
-0.26; -0.24; 9.71
-0.25; -0.25; 9.69
-0.25; -0.25; 9.69
-0.29; -0.24; 9.7
-0.3; -0.22; 9.74
-0.27; -0.22; 9.71
-0.26; -0.23; 9.68
-0.26; -0.23; 9.68
-0.23; -0.27; 9.63
-0.24; -0.29; 9.64
-0.22; -0.31; 9.61
-0.18; -0.32; 9.6
-0.18; -0.32; 9.6
-0.19; -0.35; 9.57
-0.23; -0.34; 9.55
-0.24; -0.34; 9.53
-0.23; -0.34; 9.52
-0.23; -0.34; 9.52
-0.23; -0.31; 9.57
-0.21; -0.32; 9.55
-0.22; -0.3; 9.5
-0.17; -0.28; 9.45
-0.17; -0.28; 9.45
-0.21; -0.28; 9.44
-0.18; -0.29; 9.45
-0.22; -0.32; 9.46
-0.22; -0.33; 9.49
-0.22; -0.33; 9.49
-0.22; -0.34; 9.51
-0.22; -0.34; 9.53
-0.25; -0.35; 9.54
-0.27; -0.35; 9.56
-0.27; -0.35; 9.56
-0.26; -0.34; 9.5
-0.25; -0.32; 9.47
-0.27; -0.34; 9.5
-0.31; -0.35; 9.52
-0.31; -0.35; 9.52
-0.32; -0.36; 9.53
-0.3; -0.37; 9.56
-0.3; -0.34; 9.61
-0.3; -0.34; 9.61
-0.26; -0.39; 9.56
-0.22; -0.37; 9.59
-0.18; -0.38; 9.59
-0.17; -0.36; 9.55
-0.17; -0.36; 9.55
-0.17; -0.37; 9.49
-0.19; -0.39; 9.48
-0.23; -0.42; 9.45
-0.2; -0.39; 9.41
-0.2; -0.39; 9.41
-0.18; -0.45; 9.37
-0.2; -0.45; 9.43
-0.28; -0.46; 9.45
-0.27; -0.44; 9.45
-0.27; -0.44; 9.45
-0.33; -0.41; 9.55
-0.32; -0.4; 9.51
-0.31; -0.41; 9.49
-0.33; -0.42; 9.52
-0.33; -0.42; 9.52
-0.3; -0.45; 9.49
-0.28; -0.43; 9.5
-0.23; -0.42; 9.49
-0.25; -0.45; 9.51
-0.25; -0.45; 9.51
-0.26; -0.46; 9.53
-0.3; -0.45; 9.53
-0.28; -0.44; 9.54
-0.25; -0.43; 9.56
-0.25; -0.43; 9.56
-0.28; -0.37; 9.55
-0.3; -0.4; 9.57
-0.28; -0.42; 9.57
-0.29; -0.46; 9.57
-0.29; -0.46; 9.57
-0.27; -0.44; 9.53
-0.28; -0.46; 9.55
-0.27; -0.44; 9.55
-0.33; -0.47; 9.54
-0.33; -0.47; 9.54
-0.34; -0.46; 9.56
-0.33; -0.45; 9.53
-0.3; -0.46; 9.48
-0.28; -0.47; 9.49
-0.28; -0.47; 9.49
-0.27; -0.49; 9.49
-0.27; -0.46; 9.52
-0.31; -0.49; 9.53
-0.29; -0.51; 9.54
-0.29; -0.51; 9.54
-0.34; -0.47; 9.55
-0.28; -0.42; 9.57
-0.26; -0.43; 9.54
-0.27; -0.45; 9.55
-0.27; -0.45; 9.55
-0.29; -0.46; 9.54
-0.3; -0.47; 9.56
-0.3; -0.47; 9.56
-0.29; -0.47; 9.58
-0.29; -0.47; 9.58
-0.28; -0.49; 9.61
-0.3; -0.49; 9.59
-0.3; -0.55; 9.55
-0.3; -0.51; 9.53
-0.3; -0.51; 9.53
-0.28; -0.48; 9.54
-0.31; -0.49; 9.53
-0.34; -0.52; 9.54
-0.34; -0.51; 9.54
-0.34; -0.51; 9.54
-0.42; -0.5; 9.56
-0.35; -0.51; 9.54
-0.29; -0.49; 9.53
-0.3; -0.48; 9.49
-0.3; -0.48; 9.49
-0.18; -0.54; 9.34
-0.25; -0.52; 9.41
-0.3; -0.55; 9.44
-0.33; -0.52; 9.49
-0.33; -0.52; 9.49
-0.4; -0.46; 9.6
-0.38; -0.47; 9.52
-0.37; -0.48; 9.48
-0.34; -0.49; 9.42
-0.34; -0.49; 9.42
-0.38; -0.51; 9.45
-0.39; -0.49; 9.39
-0.37; -0.46; 9.34
-0.37; -0.46; 9.31
-0.37; -0.46; 9.31
-0.4; -0.43; 9.36
-0.37; -0.43; 9.41
-0.4; -0.45; 9.39
-0.34; -0.47; 9.44
-0.34; -0.47; 9.44
-0.35; -0.45; 9.46
-0.29; -0.48; 9.49
-0.31; -0.49; 9.55
-0.33; -0.52; 9.62
-0.33; -0.52; 9.62
-0.34; -0.55; 9.67
-0.3; -0.57; 9.68
-0.35; -0.55; 9.72
-0.33; -0.56; 9.73
-0.33; -0.56; 9.73
-0.27; -0.55; 9.71
-0.26; -0.54; 9.68
-0.31; -0.55; 9.66
-0.34; -0.54; 9.64
-0.34; -0.54; 9.64
-0.34; -0.55; 9.57
-0.36; -0.53; 9.52
-0.39; -0.5; 9.45
-0.4; -0.52; 9.39
-0.4; -0.52; 9.39
-0.42; -0.5; 9.31
-0.44; -0.48; 9.32
-0.49; -0.48; 9.32
-0.45; -0.5; 9.29
-0.45; -0.5; 9.29
-0.46; -0.5; 9.35
-0.48; -0.5; 9.39
-0.43; -0.5; 9.4
-0.43; -0.5; 9.4
-0.4; -0.49; 9.52
-0.4; -0.51; 9.5
-0.38; -0.5; 9.51
-0.36; -0.48; 9.5
-0.36; -0.48; 9.5
-0.28; -0.55; 9.49
-0.3; -0.49; 9.5
-0.34; -0.46; 9.5
-0.39; -0.49; 9.42
-0.39; -0.49; 9.42
-0.35; -0.43; 9.31
-0.37; -0.43; 9.37
-0.41; -0.45; 9.4
-0.42; -0.46; 9.42
-0.42; -0.46; 9.42
-0.52; -0.45; 9.5
-0.49; -0.46; 9.5
-0.47; -0.44; 9.51
-0.44; -0.45; 9.51
-0.44; -0.45; 9.51
-0.46; -0.46; 9.54
-0.46; -0.48; 9.57
-0.45; -0.48; 9.59
-0.42; -0.49; 9.66
-0.42; -0.49; 9.66
-0.38; -0.5; 9.67
-0.41; -0.52; 9.66
-0.4; -0.48; 9.65
-0.38; -0.5; 9.62
-0.38; -0.5; 9.62
-0.43; -0.51; 9.52
-0.39; -0.47; 9.49
-0.41; -0.49; 9.49
-0.39; -0.47; 9.49
-0.39; -0.47; 9.49
-0.38; -0.44; 9.4
-0.42; -0.45; 9.45
-0.41; -0.43; 9.48
-0.39; -0.43; 9.47
-0.39; -0.43; 9.47
-0.47; -0.47; 9.5
-0.47; -0.46; 9.51
-0.44; -0.45; 9.54
-0.41; -0.48; 9.53
-0.41; -0.48; 9.53
-0.55; -0.44; 9.7
-0.42; -0.42; 9.67
-0.38; -0.41; 9.61
-0.4; -0.42; 9.54
-0.37; -0.43; 9.68
-0.37; -0.43; 9.68
-0.37; -0.44; 9.65
-0.37; -0.44; 9.57
-0.37; -0.41; 9.53
-0.37; -0.41; 9.53
-0.5; -0.47; 9.63
-0.42; -0.42; 9.56
-0.42; -0.43; 9.57
-0.44; -0.43; 9.55
-0.44; -0.43; 9.55
-0.43; -0.42; 9.6
-0.44; -0.44; 9.53
-0.43; -0.44; 9.49
-0.39; -0.43; 9.45
-0.39; -0.43; 9.45
-0.35; -0.41; 9.36
-0.39; -0.41; 9.41
-0.38; -0.43; 9.45
-0.41; -0.42; 9.5
-0.41; -0.42; 9.5
-0.41; -0.38; 9.49
-0.44; -0.41; 9.51
-0.42; -0.4; 9.51
-0.38; -0.41; 9.52
-0.38; -0.41; 9.52
-0.44; -0.42; 9.65
-0.41; -0.42; 9.57
-0.41; -0.43; 9.53
-0.35; -0.43; 9.53
-0.35; -0.43; 9.53
-0.4; -0.41; 9.45
-0.37; -0.41; 9.48
-0.36; -0.39; 9.48
-0.35; -0.4; 9.47
-0.35; -0.4; 9.47
-0.39; -0.4; 9.41
-0.39; -0.36; 9.45
-0.38; -0.35; 9.5
-0.41; -0.36; 9.52
-0.41; -0.36; 9.52
-0.42; -0.38; 9.46
-0.42; -0.45; 9.52
-0.42; -0.44; 9.52
-0.43; -0.41; 9.57
-0.43; -0.41; 9.57
-0.42; -0.34; 9.65
-0.41; -0.37; 9.64
-0.41; -0.33; 9.62
-0.38; -0.33; 9.63
-0.38; -0.33; 9.63
-0.43; -0.32; 9.69
-0.35; -0.32; 9.62
-0.33; -0.34; 9.55
-0.29; -0.31; 9.53
-0.29; -0.31; 9.53
-0.4; -0.34; 9.69
-0.35; -0.33; 9.63
-0.35; -0.28; 9.61
-0.34; -0.29; 9.64
-0.34; -0.29; 9.64
-0.34; -0.28; 9.66
-0.36; -0.32; 9.6
-0.37; -0.31; 9.59
-0.43; -0.34; 9.6
-0.43; -0.34; 9.6
-0.37; -0.31; 9.59
-0.37; -0.3; 9.57
-0.37; -0.25; 9.6
-0.38; -0.25; 9.58
-0.38; -0.25; 9.58
-0.36; -0.25; 9.56
-0.36; -0.27; 9.59
-0.31; -0.25; 9.57
-0.27; -0.31; 9.6
-0.27; -0.31; 9.6
-0.26; -0.27; 9.57
-0.26; -0.34; 9.62
-0.24; -0.29; 9.62
-0.29; -0.3; 9.6
-0.29; -0.3; 9.6
-0.3; -0.3; 9.6
-0.31; -0.29; 9.57
-0.34; -0.29; 9.57
-0.3; -0.28; 9.58
-0.3; -0.28; 9.58
-0.29; -0.27; 9.59
-0.31; -0.26; 9.6
-0.34; -0.28; 9.61
-0.33; -0.27; 9.62
-0.33; -0.27; 9.62
-0.34; -0.28; 9.61
-0.32; -0.28; 9.58
-0.32; -0.28; 9.58
-0.32; -0.26; 9.62
-0.32; -0.26; 9.62
-0.26; -0.22; 9.62
-0.29; -0.26; 9.62
-0.26; -0.24; 9.61
-0.27; -0.27; 9.58
-0.27; -0.27; 9.58
-0.27; -0.22; 9.57
-0.29; -0.23; 9.58
-0.29; -0.28; 9.62
-0.26; -0.3; 9.6
-0.26; -0.3; 9.6
-0.22; -0.35; 9.54
-0.27; -0.35; 9.58
-0.27; -0.39; 9.61
-0.27; -0.42; 9.63
-0.27; -0.42; 9.63
-0.26; -0.43; 9.59
-0.28; -0.37; 9.6
-0.3; -0.36; 9.61
-0.31; -0.39; 9.65
-0.31; -0.39; 9.65
-0.31; -0.4; 9.65
-0.27; -0.39; 9.61
-0.26; -0.37; 9.59
-0.26; -0.34; 9.59
-0.26; -0.34; 9.59
-0.24; -0.37; 9.55
-0.2; -0.38; 9.51
-0.21; -0.39; 9.5
-0.24; -0.39; 9.5
-0.24; -0.39; 9.5
-0.26; -0.38; 9.49
-0.27; -0.36; 9.48
-0.29; -0.37; 9.51
-0.31; -0.33; 9.52
-0.31; -0.33; 9.52
-0.32; -0.36; 9.52
-0.33; -0.38; 9.52
-0.32; -0.41; 9.53
-0.3; -0.35; 9.54
-0.3; -0.35; 9.54
-0.31; -0.36; 9.57
-0.29; -0.36; 9.57
-0.27; -0.39; 9.55
-0.24; -0.37; 9.55
-0.24; -0.37; 9.55
-0.24; -0.34; 9.55
-0.23; -0.34; 9.54
-0.24; -0.36; 9.5
-0.23; -0.41; 9.48
-0.23; -0.41; 9.48
-0.26; -0.39; 9.5
-0.3; -0.42; 9.54
-0.3; -0.44; 9.55
-0.3; -0.44; 9.55
-0.3; -0.41; 9.58
-0.29; -0.42; 9.55
-0.3; -0.44; 9.56
-0.3; -0.44; 9.58
-0.3; -0.44; 9.58
-0.3; -0.46; 9.56
-0.3; -0.46; 9.54
-0.3; -0.43; 9.59
-0.31; -0.46; 9.56
-0.31; -0.46; 9.56
-0.32; -0.44; 9.58
-0.32; -0.42; 9.55
-0.29; -0.42; 9.52
-0.28; -0.45; 9.51
-0.28; -0.45; 9.51
-0.26; -0.48; 9.49
-0.3; -0.49; 9.52
-0.32; -0.45; 9.53
-0.34; -0.4; 9.51
-0.34; -0.4; 9.51
-0.32; -0.41; 9.54
-0.31; -0.41; 9.53
-0.3; -0.42; 9.53
-0.3; -0.46; 9.47
-0.3; -0.46; 9.47
-0.29; -0.5; 9.46
-0.33; -0.46; 9.43
-0.31; -0.43; 9.45
-0.32; -0.47; 9.46
-0.32; -0.47; 9.46
-0.33; -0.47; 9.5
-0.32; -0.49; 9.51
-0.25; -0.51; 9.53
-0.23; -0.48; 9.51
-0.23; -0.48; 9.51
-0.24; -0.46; 9.47
-0.26; -0.45; 9.5
-0.28; -0.44; 9.47
-0.28; -0.46; 9.5
-0.28; -0.46; 9.5
-0.29; -0.45; 9.55
-0.29; -0.49; 9.55
-0.34; -0.49; 9.54
-0.33; -0.51; 9.55
-0.33; -0.51; 9.55
-0.35; -0.48; 9.56
-0.34; -0.47; 9.5
-0.34; -0.46; 9.52
-0.4; -0.46; 9.57
-0.4; -0.46; 9.57
-0.34; -0.45; 9.59
-0.34; -0.49; 9.55
-0.35; -0.5; 9.58
-0.35; -0.5; 9.58
-0.32; -0.52; 9.58
-0.33; -0.51; 9.55
-0.28; -0.49; 9.56
-0.28; -0.51; 9.55
-0.28; -0.51; 9.55
-0.3; -0.56; 9.44
-0.32; -0.56; 9.47
-0.32; -0.56; 9.49
-0.3; -0.53; 9.46
-0.33; -0.53; 9.49
-0.33; -0.53; 9.49
-0.33; -0.49; 9.52
-0.37; -0.52; 9.53
-0.38; -0.5; 9.55
-0.38; -0.52; 9.52
-0.34; -0.52; 9.52
-0.37; -0.5; 9.54
-0.35; -0.51; 9.55
-0.32; -0.5; 9.55
-0.32; -0.5; 9.55
-0.21; -0.54; 9.44
-0.25; -0.56; 9.48
-0.25; -0.54; 9.54
-0.26; -0.53; 9.56
-0.26; -0.53; 9.56
-0.26; -0.49; 9.7
-0.3; -0.49; 9.63
-0.27; -0.49; 9.54
-0.26; -0.44; 9.52
-0.26; -0.44; 9.52
-0.25; -0.47; 9.34
-0.27; -0.48; 9.39
-0.29; -0.48; 9.4
-0.34; -0.47; 9.44
-0.34; -0.47; 9.44
-0.29; -0.45; 9.18
-0.32; -0.43; 9.32
-0.34; -0.48; 9.37
-0.34; -0.47; 9.42
-0.34; -0.47; 9.42
-0.28; -0.41; 9.51
-0.31; -0.43; 9.53
-0.32; -0.44; 9.53
-0.34; -0.52; 9.53
-0.34; -0.52; 9.53
-0.23; -0.52; 9.45
-0.26; -0.53; 9.51
-0.29; -0.53; 9.51
-0.28; -0.53; 9.47
-0.35; -0.54; 9.53
-0.35; -0.54; 9.53
-0.35; -0.51; 9.49
-0.33; -0.51; 9.48
-0.36; -0.52; 9.46
-0.36; -0.52; 9.46
-0.31; -0.52; 9.47
-0.31; -0.54; 9.48
-0.34; -0.51; 9.49
-0.35; -0.51; 9.52
-0.35; -0.51; 9.52
-0.37; -0.51; 9.34
-0.34; -0.5; 9.45
-0.34; -0.52; 9.46
-0.34; -0.5; 9.44
-0.34; -0.5; 9.44
-0.39; -0.52; 9.43
-0.36; -0.54; 9.41
-0.37; -0.52; 9.42
-0.34; -0.49; 9.43
-0.34; -0.49; 9.43
-0.38; -0.43; 9.51
-0.37; -0.45; 9.5
-0.38; -0.49; 9.49
-0.37; -0.47; 9.5
-0.37; -0.47; 9.5
-0.37; -0.41; 9.57
-0.33; -0.48; 9.57
-0.32; -0.52; 9.58
-0.35; -0.55; 9.55
-0.35; -0.55; 9.55
-0.25; -0.54; 9.45
-0.29; -0.56; 9.5
-0.29; -0.56; 9.53
-0.36; -0.55; 9.57
-0.36; -0.55; 9.57
-0.47; -0.52; 9.58
-0.43; -0.53; 9.56
-0.42; -0.53; 9.56
-0.42; -0.54; 9.56
-0.42; -0.54; 9.56
-0.46; -0.55; 9.57
-0.42; -0.52; 9.53
-0.37; -0.49; 9.54
-0.34; -0.41; 9.52
-0.34; -0.41; 9.52
-0.34; -0.41; 9.43
-0.38; -0.43; 9.47
-0.34; -0.44; 9.45
-0.31; -0.44; 9.45
-0.31; -0.44; 9.45
-0.26; -0.47; 9.42
-0.28; -0.51; 9.45
-0.33; -0.52; 9.48
-0.31; -0.53; 9.51
-0.31; -0.53; 9.51
-0.3; -0.46; 9.6
-0.34; -0.5; 9.63
-0.33; -0.48; 9.67
-0.33; -0.51; 9.66
-0.33; -0.51; 9.66
-0.32; -0.45; 9.64
-0.32; -0.45; 9.56
-0.33; -0.42; 9.55
-0.33; -0.44; 9.59
-0.33; -0.44; 9.59
-0.34; -0.45; 9.59
-0.31; -0.45; 9.58
-0.35; -0.47; 9.57
-0.35; -0.46; 9.58
-0.35; -0.46; 9.58
-0.36; -0.46; 9.59
-0.39; -0.45; 9.56
-0.36; -0.46; 9.55
-0.37; -0.48; 9.5
-0.37; -0.48; 9.5
-0.37; -0.44; 9.49
-0.37; -0.45; 9.47
-0.39; -0.46; 9.46
-0.37; -0.43; 9.45
-0.37; -0.43; 9.45
-0.34; -0.42; 9.45
-0.37; -0.4; 9.46
-0.34; -0.4; 9.47
-0.34; -0.39; 9.5
-0.34; -0.39; 9.5
-0.33; -0.42; 9.53
-0.34; -0.39; 9.5
-0.32; -0.37; 9.5
-0.33; -0.38; 9.48
-0.33; -0.38; 9.48
-0.37; -0.39; 9.49
-0.37; -0.38; 9.5
-0.39; -0.38; 9.52
-0.36; -0.38; 9.49
-0.36; -0.38; 9.49
-0.37; -0.34; 9.53
-0.36; -0.35; 9.54
-0.34; -0.37; 9.54
-0.38; -0.35; 9.55
-0.38; -0.35; 9.55
-0.37; -0.39; 9.53
-0.36; -0.39; 9.54
-0.36; -0.4; 9.5
-0.34; -0.39; 9.52
-0.34; -0.39; 9.52
-0.35; -0.4; 9.53
-0.36; -0.38; 9.55
-0.34; -0.37; 9.56
-0.34; -0.37; 9.56
-0.43; -0.34; 9.55
-0.37; -0.37; 9.56
-0.34; -0.34; 9.53
-0.39; -0.32; 9.54
-0.39; -0.32; 9.54
-0.34; -0.27; 9.29
-0.33; -0.29; 9.42
-0.37; -0.31; 9.5
-0.36; -0.3; 9.51
-0.36; -0.3; 9.51
-0.31; -0.29; 9.55
-0.32; -0.31; 9.55
-0.32; -0.33; 9.58
-0.33; -0.28; 9.6
-0.33; -0.28; 9.6
-0.42; -0.27; 9.55
-0.38; -0.28; 9.6
-0.34; -0.26; 9.63
-0.34; -0.26; 9.61
-0.34; -0.26; 9.61
-0.32; -0.23; 9.6
-0.31; -0.24; 9.53
-0.27; -0.25; 9.58
-0.29; -0.27; 9.55
-0.29; -0.27; 9.55
-0.25; -0.28; 9.5
-0.26; -0.25; 9.52
-0.3; -0.24; 9.55
-0.33; -0.25; 9.56
-0.33; -0.25; 9.56
-0.34; -0.24; 9.59
-0.34; -0.21; 9.6
-0.34; -0.22; 9.61
-0.34; -0.22; 9.59
-0.34; -0.22; 9.59
-0.3; -0.21; 9.65
-0.32; -0.22; 9.63
-0.27; -0.22; 9.57
-0.25; -0.22; 9.58
-0.25; -0.22; 9.58
-0.26; -0.21; 9.56
-0.3; -0.21; 9.53
-0.26; -0.22; 9.54
-0.3; -0.23; 9.51
-0.3; -0.23; 9.51
-0.34; -0.27; 9.53
-0.3; -0.25; 9.54
-0.31; -0.25; 9.54
-0.32; -0.27; 9.55
-0.32; -0.27; 9.55
-0.3; -0.26; 9.58
-0.28; -0.27; 9.57
-0.31; -0.25; 9.61
-0.32; -0.24; 9.6
-0.32; -0.24; 9.6
-0.26; -0.24; 9.59
-0.27; -0.24; 9.6
-0.25; -0.2; 9.61
-0.24; -0.23; 9.61
-0.24; -0.23; 9.61
-0.24; -0.26; 9.64
-0.23; -0.23; 9.67
-0.23; -0.26; 9.67
-0.23; -0.27; 9.66
-0.23; -0.27; 9.66
-0.28; -0.27; 9.64
-0.28; -0.28; 9.65
-0.25; -0.3; 9.67
-0.28; -0.26; 9.67
-0.28; -0.26; 9.67
-0.29; -0.2; 9.61
-0.32; -0.23; 9.63
-0.3; -0.24; 9.61
-0.28; -0.24; 9.62
-0.28; -0.24; 9.62
-0.27; -0.28; 9.6
-0.21; -0.33; 9.57
-0.19; -0.34; 9.53
-0.19; -0.36; 9.52
-0.19; -0.36; 9.52
-0.22; -0.39; 9.51
-0.19; -0.38; 9.51
-0.19; -0.38; 9.49
-0.21; -0.36; 9.51
-0.21; -0.36; 9.51
-0.21; -0.36; 9.5
-0.19; -0.37; 9.5
-0.2; -0.38; 9.51
-0.22; -0.36; 9.55
-0.22; -0.36; 9.55
-0.23; -0.35; 9.58
-0.27; -0.33; 9.58
-0.3; -0.32; 9.61
-0.3; -0.32; 9.61
-0.33; -0.35; 9.62
-0.28; -0.34; 9.65
-0.27; -0.35; 9.65
-0.25; -0.36; 9.66
-0.25; -0.36; 9.66
-0.28; -0.39; 9.8
-0.2; -0.38; 9.67
-0.2; -0.39; 9.65
-0.21; -0.42; 9.64
-0.21; -0.42; 9.64
-0.17; -0.39; 9.67
-0.19; -0.4; 9.64
-0.18; -0.42; 9.6
-0.22; -0.43; 9.57
-0.22; -0.43; 9.57
-0.27; -0.41; 9.66
-0.26; -0.42; 9.6
-0.25; -0.39; 9.54
-0.27; -0.42; 9.54
-0.27; -0.42; 9.54
-0.18; -0.47; 9.44
-0.24; -0.46; 9.45
-0.26; -0.45; 9.5
-0.26; -0.41; 9.52
-0.27; -0.42; 9.58
-0.27; -0.42; 9.58
-0.28; -0.4; 9.57
-0.31; -0.42; 9.58
-0.32; -0.41; 9.58
-0.31; -0.44; 9.57
-0.31; -0.44; 9.57
-0.31; -0.46; 9.56
-0.31; -0.49; 9.56
-0.31; -0.49; 9.54
-0.32; -0.49; 9.51
-0.32; -0.49; 9.51
-0.32; -0.45; 9.5
-0.3; -0.47; 9.5
-0.31; -0.44; 9.5
-0.32; -0.47; 9.46
-0.32; -0.47; 9.46
-0.34; -0.5; 9.49
-0.34; -0.5; 9.49
-0.34; -0.51; 9.52
-0.35; -0.45; 9.4
-0.35; -0.45; 9.4
-0.34; -0.44; 9.45
-0.35; -0.49; 9.5
-0.34; -0.46; 9.57
-0.34; -0.46; 9.57
-0.31; -0.45; 9.74
-0.32; -0.47; 9.61
-0.31; -0.47; 9.57
-0.34; -0.46; 9.51
-0.3; -0.48; 9.44
-0.3; -0.48; 9.44
-0.28; -0.5; 9.48
-0.33; -0.51; 9.52
-0.35; -0.52; 9.53
-0.35; -0.52; 9.53
-0.35; -0.5; 9.58
-0.37; -0.49; 9.55
-0.35; -0.5; 9.56
-0.34; -0.49; 9.56
-0.34; -0.49; 9.56
-0.46; -0.42; 9.38
-0.4; -0.5; 9.45
-0.38; -0.5; 9.47
-0.4; -0.5; 9.49
-0.4; -0.5; 9.49
-0.42; -0.46; 9.35
-0.42; -0.48; 9.42
-0.46; -0.45; 9.45
-0.46; -0.48; 9.46
-0.46; -0.48; 9.46
-0.43; -0.46; 9.44
-0.46; -0.47; 9.47
-0.46; -0.49; 9.49
-0.42; -0.5; 9.52
-0.42; -0.5; 9.52
-0.45; -0.47; 9.6
-0.39; -0.5; 9.54
-0.38; -0.51; 9.53
-0.39; -0.47; 9.58
-0.39; -0.47; 9.58
-0.34; -0.46; 9.61
-0.34; -0.52; 9.6
-0.34; -0.49; 9.6
-0.34; -0.49; 9.59
-0.34; -0.49; 9.59
-0.29; -0.53; 9.64
-0.32; -0.48; 9.62
-0.33; -0.52; 9.56
-0.36; -0.54; 9.55
-0.36; -0.54; 9.55
-0.46; -0.48; 9.57
-0.44; -0.48; 9.58
-0.46; -0.53; 9.57
-0.48; -0.53; 9.56
-0.48; -0.53; 9.56
-0.4; -0.51; 9.59
-0.44; -0.53; 9.57
-0.43; -0.52; 9.55
-0.42; -0.53; 9.51
-0.42; -0.53; 9.51
-0.41; -0.52; 9.5
-0.4; -0.51; 9.44
-0.39; -0.51; 9.47
-0.37; -0.49; 9.52
-0.37; -0.49; 9.52
-0.37; -0.5; 9.6
-0.33; -0.51; 9.54
-0.35; -0.54; 9.46
-0.39; -0.57; 9.44
-0.39; -0.57; 9.44
-0.4; -0.62; 9.57
-0.39; -0.62; 9.46
-0.38; -0.6; 9.42
-0.44; -0.57; 9.43
-0.44; -0.57; 9.43
-0.47; -0.55; 9.33
-0.48; -0.52; 9.36
-0.5; -0.54; 9.39
-0.52; -0.54; 9.4
-0.52; -0.54; 9.4
-0.49; -0.52; 9.4
-0.49; -0.47; 9.49
-0.46; -0.49; 9.56
-0.46; -0.49; 9.56
-0.48; -0.51; 9.65
-0.42; -0.55; 9.63
-0.39; -0.55; 9.57
-0.37; -0.55; 9.56
-0.37; -0.55; 9.56
-0.28; -0.57; 9.67
-0.33; -0.57; 9.58
-0.37; -0.57; 9.54
-0.37; -0.57; 9.51
-0.37; -0.57; 9.51
-0.37; -0.55; 9.51
-0.41; -0.6; 9.49
-0.44; -0.55; 9.45
-0.45; -0.53; 9.4
-0.45; -0.53; 9.4
-0.43; -0.48; 9.44
-0.43; -0.45; 9.39
-0.45; -0.51; 9.34
-0.43; -0.51; 9.31
-0.43; -0.51; 9.31
-0.52; -0.46; 9.31
-0.47; -0.47; 9.23
-0.43; -0.49; 9.25
-0.45; -0.5; 9.21
-0.45; -0.5; 9.21
-0.43; -0.51; 9.13
-0.44; -0.53; 9.17
-0.43; -0.51; 9.23
-0.44; -0.48; 9.29
-0.44; -0.48; 9.29
-0.42; -0.49; 9.28
-0.45; -0.44; 9.39
-0.48; -0.39; 9.45
-0.47; -0.35; 9.54
-0.47; -0.35; 9.54
-0.47; -0.26; 9.6
-0.53; -0.32; 9.69
-0.57; -0.3; 9.76
-0.57; -0.36; 9.77
-0.57; -0.36; 9.77
-0.56; -0.4; 9.76
-0.54; -0.48; 9.76
-0.54; -0.48; 9.78
-0.51; -0.44; 9.78
-0.51; -0.44; 9.78
-0.42; -0.4; 9.61
-0.45; -0.41; 9.68
-0.46; -0.39; 9.67
-0.51; -0.34; 9.64
-0.51; -0.34; 9.64
-0.5; -0.31; 9.67
-0.54; -0.34; 9.61
-0.48; -0.29; 9.59
-0.5; -0.31; 9.59
-0.5; -0.31; 9.59
-0.46; -0.3; 9.54
-0.44; -0.34; 9.54
-0.45; -0.3; 9.55
-0.47; -0.3; 9.53
-0.47; -0.3; 9.53
-0.41; -0.34; 9.4
-0.38; -0.36; 9.47
-0.36; -0.36; 9.48
-0.37; -0.35; 9.53
-0.37; -0.35; 9.53
-0.34; -0.34; 9.46
-0.29; -0.38; 9.52
-0.31; -0.34; 9.54
-0.27; -0.34; 9.56
-0.27; -0.34; 9.56
-0.29; -0.32; 9.55
-0.27; -0.28; 9.56
-0.26; -0.27; 9.57
-0.31; -0.28; 9.56
-0.31; -0.28; 9.56
-0.34; -0.3; 9.56
-0.33; -0.28; 9.53
-0.34; -0.28; 9.58
-0.36; -0.24; 9.59
-0.36; -0.24; 9.59
-0.36; -0.23; 9.59
-0.4; -0.25; 9.62
-0.36; -0.22; 9.6
-0.32; -0.2; 9.56
-0.32; -0.2; 9.56
-0.3; -0.21; 9.52
-0.32; -0.22; 9.52
-0.3; -0.23; 9.52
-0.31; -0.22; 9.53
-0.31; -0.22; 9.53
-0.3; -0.24; 9.58
-0.3; -0.25; 9.58
-0.25; -0.27; 9.6
-0.25; -0.24; 9.64
-0.25; -0.24; 9.64
-0.27; -0.25; 9.6
-0.26; -0.26; 9.58
-0.24; -0.26; 9.59
-0.27; -0.27; 9.6
-0.27; -0.27; 9.6
-0.26; -0.22; 9.61
-0.33; -0.22; 9.6
-0.3; -0.2; 9.57
-0.3; -0.2; 9.57
-0.28; -0.19; 9.58
-0.29; -0.24; 9.57
-0.3; -0.23; 9.57
-0.32; -0.26; 9.52
-0.25; -0.29; 9.5
-0.25; -0.29; 9.5
-0.28; -0.32; 9.5
-0.26; -0.29; 9.46
-0.26; -0.3; 9.51
-0.26; -0.45; 9.52
-0.2; -0.34; 9.52
-0.2; -0.34; 9.52
-0.22; -0.32; 9.55
-0.21; -0.32; 9.55
-0.21; -0.32; 9.55
-0.28; -0.3; 9.44
-0.25; -0.26; 9.5
-0.28; -0.25; 9.49
-0.31; -0.25; 9.52
-0.31; -0.25; 9.52
-0.3; -0.22; 9.58
-0.32; -0.21; 9.58
-0.35; -0.22; 9.62
-0.34; -0.21; 9.59
-0.34; -0.21; 9.59
-0.27; -0.29; 9.46
-0.3; -0.28; 9.54
-0.31; -0.29; 9.59
-0.3; -0.28; 9.6
-0.3; -0.28; 9.6
-0.25; -0.3; 9.56
-0.23; -0.3; 9.6
-0.24; -0.25; 9.61
-0.22; -0.23; 9.62
-0.22; -0.23; 9.62
-0.23; -0.25; 9.65
-0.25; -0.27; 9.66
-0.22; -0.28; 9.65
-0.21; -0.24; 9.67
-0.21; -0.24; 9.67
-0.24; -0.28; 9.73
-0.26; -0.24; 9.78
-0.26; -0.25; 9.8
-0.26; -0.27; 9.85
-0.26; -0.27; 9.85
-0.31; -0.27; 9.9
-0.24; -0.33; 9.88
-0.25; -0.3; 9.82
-0.22; -0.34; 9.8
-0.22; -0.34; 9.8
-0.2; -0.36; 9.75
-0.19; -0.39; 9.69
-0.15; -0.4; 9.64
-0.16; -0.41; 9.57
-0.16; -0.41; 9.57
-0.21; -0.41; 9.51
-0.21; -0.45; 9.47
-0.2; -0.42; 9.43
-0.24; -0.43; 9.37
-0.24; -0.43; 9.37
-0.27; -0.44; 9.38
-0.29; -0.42; 9.38
-0.28; -0.4; 9.42
-0.29; -0.4; 9.47
-0.29; -0.4; 9.47
-0.28; -0.41; 9.48
-0.23; -0.43; 9.5
-0.24; -0.4; 9.5
-0.25; -0.37; 9.52
-0.25; -0.37; 9.52
-0.25; -0.39; 9.55
-0.24; -0.4; 9.59
-0.24; -0.42; 9.67
-0.2; -0.41; 9.67
-0.2; -0.41; 9.67
-0.21; -0.4; 9.7
-0.24; -0.45; 9.68
-0.21; -0.45; 9.67
-0.18; -0.48; 9.67
-0.18; -0.48; 9.67
-0.21; -0.49; 9.65
-0.21; -0.49; 9.58
-0.27; -0.44; 9.55
-0.31; -0.43; 9.45
-0.31; -0.43; 9.45
-0.34; -0.43; 9.48
-0.38; -0.44; 9.47
-0.41; -0.49; 9.5
-0.47; -0.46; 9.5
-0.47; -0.46; 9.5
-0.44; -0.48; 9.47
-0.37; -0.49; 9.47
-0.35; -0.47; 9.46
-0.35; -0.47; 9.46
-0.37; -0.47; 9.37
-0.34; -0.51; 9.39
-0.31; -0.5; 9.45
-0.34; -0.49; 9.45
-0.34; -0.49; 9.45
-0.22; -0.54; 9.34
-0.24; -0.52; 9.44
-0.28; -0.52; 9.51
-0.33; -0.55; 9.56
-0.33; -0.55; 9.56
-0.38; -0.54; 9.71
-0.38; -0.51; 9.63
-0.4; -0.51; 9.62
-0.39; -0.52; 9.62
-0.39; -0.52; 9.62
-0.53; -0.53; 9.62
-0.49; -0.49; 9.57
-0.48; -0.5; 9.56
-0.47; -0.51; 9.51
-0.47; -0.51; 9.51
-0.53; -0.45; 9.45
-0.49; -0.47; 9.48
-0.43; -0.48; 9.47
-0.41; -0.48; 9.5
-0.41; -0.5; 9.54
-0.43; -0.5; 9.54
-0.44; -0.5; 9.44
-0.43; -0.49; 9.44
-0.43; -0.5; 9.47
-0.43; -0.5; 9.47
-0.48; -0.55; 9.47
-0.48; -0.53; 9.5
-0.53; -0.57; 9.49
-0.5; -0.55; 9.46
-0.5; -0.55; 9.46
-0.46; -0.55; 9.29
-0.49; -0.54; 9.41
-0.49; -0.5; 9.51
-0.47; -0.52; 9.53
-0.47; -0.52; 9.53
-0.35; -0.53; 9.44
-0.4; -0.5; 9.54
-0.45; -0.5; 9.56
-0.46; -0.52; 9.51
-0.46; -0.52; 9.51
-0.48; -0.52; 9.56
-0.45; -0.55; 9.53
-0.48; -0.56; 9.48
-0.47; -0.56; 9.45
-0.47; -0.56; 9.45
-0.36; -0.6; 9.59
-0.44; -0.57; 9.55
-0.47; -0.59; 9.53
-0.51; -0.56; 9.49
-0.51; -0.56; 9.49
-0.5; -0.52; 9.42
-0.53; -0.5; 9.45
-0.57; -0.46; 9.45
-0.54; -0.46; 9.46
-0.59; -0.51; 9.45
-0.59; -0.51; 9.45
-0.63; -0.5; 9.5
-0.64; -0.51; 9.51
-0.6; -0.52; 9.5
-0.57; -0.56; 9.52
-0.57; -0.56; 9.52
-0.56; -0.57; 9.51
-0.57; -0.55; 9.5
-0.56; -0.52; 9.51
-0.57; -0.55; 9.5
-0.57; -0.55; 9.5
-0.57; -0.55; 9.5
-0.57; -0.56; 9.5
-0.56; -0.55; 9.48
-0.57; -0.54; 9.47
-0.57; -0.54; 9.47
-0.59; -0.55; 9.45
-0.57; -0.55; 9.46
-0.57; -0.53; 9.46
-0.63; -0.56; 9.44
-0.63; -0.56; 9.44
-0.64; -0.53; 9.39
-0.64; -0.54; 9.39
-0.64; -0.54; 9.4
-0.63; -0.57; 9.37
-0.63; -0.57; 9.37
-0.64; -0.54; 9.35
-0.66; -0.54; 9.37
-0.67; -0.52; 9.34
-0.62; -0.51; 9.33
-0.62; -0.51; 9.33
-0.6; -0.49; 9.3
-0.61; -0.51; 9.31
-0.61; -0.51; 9.33
-0.59; -0.47; 9.37
-0.59; -0.47; 9.37
-0.62; -0.48; 9.39
-0.6; -0.48; 9.41
-0.59; -0.5; 9.45
-0.64; -0.53; 9.47
-0.64; -0.53; 9.47
-0.7; -0.52; 9.51
-0.64; -0.57; 9.57
-0.61; -0.57; 9.57
-0.56; -0.59; 9.53
-0.56; -0.59; 9.53
-0.51; -0.59; 9.49
-0.51; -0.61; 9.43
-0.51; -0.57; 9.36
-0.51; -0.54; 9.27
-0.51; -0.54; 9.12
-0.52; -0.52; 9.17
-0.56; -0.52; 9.15
-0.57; -0.52; 9.08
-0.59; -0.52; 9.07
-0.56; -0.54; 9.04
-0.56; -0.54; 9.04
-0.57; -0.5; 9.06
-0.62; -0.5; 9.12
-0.66; -0.5; 9.24
-0.68; -0.45; 9.32
-0.68; -0.45; 9.32
-0.67; -0.45; 9.47
-0.7; -0.46; 9.62
-0.69; -0.49; 9.72
-0.64; -0.51; 9.79
-0.64; -0.51; 9.79
-0.58; -0.5; 9.81
-0.53; -0.5; 9.88
-0.51; -0.5; 9.88
-0.5; -0.51; 9.89
-0.5; -0.51; 9.89
-0.49; -0.56; 9.86
-0.44; -0.57; 9.82
-0.44; -0.57; 9.77
-0.46; -0.54; 9.74
-0.46; -0.54; 9.74
-0.48; -0.57; 9.73
-0.49; -0.57; 9.66
-0.47; -0.54; 9.63
-0.54; -0.57; 9.57
-0.54; -0.57; 9.57
-0.52; -0.54; 9.5
-0.5; -0.51; 9.5
-0.48; -0.49; 9.5
-0.46; -0.49; 9.5
-0.46; -0.49; 9.5
-0.45; -0.49; 9.51
-0.45; -0.5; 9.51
-0.4; -0.51; 9.53
-0.38; -0.52; 9.49
-0.38; -0.52; 9.49
-0.35; -0.5; 9.55
-0.3; -0.54; 9.58
-0.25; -0.56; 9.61
-0.3; -0.53; 9.61
-0.3; -0.53; 9.61
-0.24; -0.49; 9.61
-0.25; -0.47; 9.59
-0.26; -0.46; 9.64
-0.26; -0.43; 9.66
-0.26; -0.43; 9.66
-0.23; -0.45; 9.64
-0.26; -0.46; 9.61
-0.26; -0.45; 9.58
-0.29; -0.45; 9.53
-0.29; -0.45; 9.53
-0.33; -0.43; 9.49
-0.3; -0.41; 9.46
-0.35; -0.42; 9.47
-0.38; -0.44; 9.48
-0.38; -0.44; 9.48
-0.41; -0.42; 9.5
-0.44; -0.41; 9.53
-0.46; -0.43; 9.54
-0.43; -0.42; 9.54
-0.43; -0.42; 9.54
-0.38; -0.4; 9.55
-0.36; -0.41; 9.56
-0.32; -0.4; 9.56
-0.32; -0.43; 9.52
-0.32; -0.43; 9.52
-0.3; -0.42; 9.54
-0.34; -0.41; 9.54
-0.32; -0.4; 9.54
-0.32; -0.38; 9.56
-0.32; -0.38; 9.56
-0.3; -0.35; 9.61
-0.29; -0.35; 9.64
-0.3; -0.35; 9.64
-0.29; -0.34; 9.63
-0.29; -0.34; 9.63
-0.31; -0.35; 9.65
-0.28; -0.32; 9.61
-0.24; -0.34; 9.59
-0.24; -0.29; 9.63
-0.24; -0.29; 9.63
-0.23; -0.27; 9.58
-0.28; -0.27; 9.56
-0.26; -0.29; 9.56
-0.26; -0.31; 9.56
-0.26; -0.31; 9.56
-0.26; -0.31; 9.52
-0.26; -0.31; 9.51
-0.24; -0.28; 9.53
-0.26; -0.28; 9.56
-0.26; -0.28; 9.56
-0.27; -0.3; 9.58
-0.26; -0.29; 9.6
-0.26; -0.27; 9.58
-0.29; -0.24; 9.6
-0.29; -0.24; 9.6
-0.24; -0.3; 9.62
-0.27; -0.31; 9.56
-0.31; -0.31; 9.59
-0.28; -0.3; 9.59
-0.28; -0.3; 9.59
-0.25; -0.27; 9.55
-0.26; -0.29; 9.55
-0.23; -0.26; 9.54
-0.26; -0.28; 9.53
-0.26; -0.28; 9.53
-0.27; -0.27; 9.55
-0.24; -0.27; 9.54
-0.24; -0.29; 9.54
-0.24; -0.3; 9.61
-0.24; -0.3; 9.61
-0.23; -0.26; 9.65
-0.2; -0.23; 9.68
-0.18; -0.23; 9.67
-0.19; -0.24; 9.67
-0.19; -0.24; 9.67
-0.2; -0.27; 9.7
-0.21; -0.25; 9.7
-0.23; -0.24; 9.69
-0.21; -0.23; 9.7
-0.22; -0.25; 9.71
-0.21; -0.28; 9.7
-0.22; -0.32; 9.72
-0.2; -0.34; 9.68
-0.2; -0.34; 9.68
-0.19; -0.32; 9.67
-0.18; -0.36; 9.67
-0.2; -0.37; 9.64
-0.2; -0.37; 9.57
-0.2; -0.37; 9.57
-0.19; -0.41; 9.53
-0.2; -0.4; 9.54
-0.17; -0.37; 9.51
-0.21; -0.42; 9.54
-0.21; -0.42; 9.54
-0.18; -0.41; 9.54
-0.21; -0.43; 9.54
-0.22; -0.41; 9.55
-0.21; -0.42; 9.56
-0.21; -0.42; 9.56
-0.22; -0.43; 9.52
-0.22; -0.42; 9.47
-0.2; -0.4; 9.47
-0.2; -0.42; 9.53
-0.2; -0.42; 9.53
-0.26; -0.43; 9.57
-0.25; -0.44; 9.6
-0.25; -0.44; 9.63
-0.25; -0.44; 9.78
-0.26; -0.46; 9.7
-0.25; -0.48; 9.67
-0.25; -0.5; 9.67
-0.27; -0.54; 9.62
-0.27; -0.54; 9.62
-0.19; -0.53; 9.71
-0.23; -0.5; 9.61
-0.28; -0.47; 9.54
-0.31; -0.44; 9.46
-0.31; -0.44; 9.46
-0.34; -0.38; 9.52
-0.38; -0.41; 9.48
-0.42; -0.4; 9.38
-0.44; -0.39; 9.3
-0.44; -0.39; 9.3
-0.39; -0.41; 9.28
-0.39; -0.41; 9.31
-0.39; -0.42; 9.34
-0.37; -0.38; 9.42
-0.37; -0.38; 9.4
-0.32; -0.41; 9.4
-0.35; -0.43; 9.45
-0.39; -0.45; 9.52
-0.37; -0.42; 9.52
-0.35; -0.44; 9.63
-0.35; -0.44; 9.63
-0.34; -0.42; 9.6
-0.37; -0.42; 9.6
-0.36; -0.44; 9.57
-0.36; -0.44; 9.57
-0.44; -0.44; 9.8
-0.43; -0.45; 9.66
-0.42; -0.46; 9.59
-0.43; -0.43; 9.59
-0.43; -0.43; 9.59
-0.52; -0.39; 9.69
-0.46; -0.43; 9.65
-0.44; -0.46; 9.65
-0.46; -0.49; 9.62
-0.46; -0.49; 9.62
-0.41; -0.45; 9.56
-0.39; -0.49; 9.51
-0.39; -0.5; 9.48
-0.35; -0.55; 9.46
-0.35; -0.55; 9.46
-0.39; -0.56; 9.39
-0.4; -0.55; 9.42
-0.42; -0.56; 9.45
-0.4; -0.54; 9.44
-0.4; -0.54; 9.44
-0.41; -0.54; 9.45
-0.43; -0.55; 9.45
-0.41; -0.53; 9.49
-0.42; -0.53; 9.5
-0.42; -0.53; 9.5
-0.49; -0.46; 9.58
-0.51; -0.46; 9.59
-0.49; -0.44; 9.58
-0.51; -0.44; 9.59
-0.51; -0.44; 9.59
-0.5; -0.41; 9.72
-0.5; -0.41; 9.67
-0.48; -0.42; 9.62
-0.44; -0.48; 9.61
-0.44; -0.48; 9.61
-0.44; -0.5; 9.68
-0.43; -0.53; 9.6
-0.4; -0.54; 9.53
-0.43; -0.56; 9.53
-0.43; -0.56; 9.53
-0.52; -0.55; 9.54
-0.49; -0.51; 9.54
-0.49; -0.51; 9.52
-0.48; -0.5; 9.51
-0.48; -0.5; 9.51
-0.48; -0.47; 9.5
-0.51; -0.52; 9.5
-0.5; -0.51; 9.54
-0.52; -0.5; 9.58
-0.52; -0.5; 9.58
-0.46; -0.47; 9.71
-0.47; -0.46; 9.64
-0.47; -0.48; 9.59
-0.48; -0.51; 9.52
-0.48; -0.51; 9.52
-0.52; -0.46; 9.45
-0.51; -0.48; 9.45
-0.51; -0.52; 9.47
-0.54; -0.56; 9.45
-0.54; -0.56; 9.45
-0.5; -0.54; 9.22
-0.5; -0.58; 9.3
-0.53; -0.56; 9.4
-0.53; -0.54; 9.45
-0.53; -0.54; 9.61
-0.57; -0.49; 9.65
-0.57; -0.5; 9.59
-0.56; -0.5; 9.62
-0.47; -0.51; 9.58
-0.46; -0.51; 9.57
-0.46; -0.51; 9.57
-0.47; -0.49; 9.6
-0.47; -0.49; 9.57
-0.4; -0.49; 9.51
-0.42; -0.48; 9.48
-0.42; -0.48; 9.48
-0.45; -0.47; 9.44
-0.43; -0.49; 9.4
-0.45; -0.48; 9.33
-0.49; -0.51; 9.27
-0.49; -0.51; 9.27
-0.51; -0.49; 9.29
-0.54; -0.5; 9.26
-0.56; -0.48; 9.28
-0.58; -0.48; 9.29
-0.58; -0.48; 9.29
-0.58; -0.47; 9.27
-0.56; -0.47; 9.24
-0.54; -0.49; 9.32
-0.51; -0.52; 9.37
-0.51; -0.52; 9.37
-0.55; -0.52; 9.34
-0.5; -0.52; 9.41
-0.54; -0.55; 9.45
-0.52; -0.56; 9.51
-0.52; -0.56; 9.51
-0.49; -0.55; 9.57
-0.51; -0.54; 9.63
-0.5; -0.56; 9.66
-0.48; -0.55; 9.66
-0.48; -0.55; 9.66
-0.5; -0.55; 9.67
-0.49; -0.55; 9.62
-0.51; -0.54; 9.55
-0.54; -0.53; 9.49
-0.54; -0.53; 9.49
-0.51; -0.48; 9.45
-0.51; -0.46; 9.39
-0.55; -0.45; 9.31
-0.54; -0.45; 9.25
-0.54; -0.45; 9.25
-0.56; -0.47; 9.27
-0.57; -0.46; 9.26
-0.58; -0.51; 9.24
-0.57; -0.49; 9.21
-0.57; -0.49; 9.21
-0.56; -0.5; 9.23
-0.54; -0.49; 9.22
-0.56; -0.49; 9.25
-0.57; -0.5; 9.3
-0.57; -0.5; 9.3
-0.53; -0.44; 9.37
-0.54; -0.45; 9.45
-0.56; -0.43; 9.53
-0.57; -0.46; 9.65
-0.57; -0.46; 9.65
-0.58; -0.45; 9.69
-0.55; -0.43; 9.74
-0.49; -0.42; 9.82
-0.45; -0.42; 9.81
-0.45; -0.42; 9.81
-0.41; -0.45; 9.79
-0.39; -0.43; 9.74
-0.37; -0.47; 9.67
-0.39; -0.47; 9.61
-0.39; -0.47; 9.61
-0.39; -0.46; 9.42
-0.41; -0.47; 9.4
-0.4; -0.48; 9.4
-0.45; -0.48; 9.45
-0.45; -0.48; 9.45
-0.38; -0.51; 9.54
-0.46; -0.51; 9.52
-0.47; -0.46; 9.55
-0.42; -0.48; 9.53
-0.48; -0.49; 9.47
-0.48; -0.49; 9.47
-0.49; -0.53; 9.51
-0.44; -0.47; 9.51
-0.43; -0.51; 9.56
-0.43; -0.51; 9.56
-0.36; -0.42; 9.42
-0.34; -0.42; 9.51
-0.32; -0.47; 9.53
-0.32; -0.44; 9.55
-0.32; -0.44; 9.55
-0.26; -0.53; 9.59
-0.27; -0.48; 9.61
-0.33; -0.42; 9.57
-0.34; -0.43; 9.58
-0.34; -0.43; 9.58
-0.32; -0.44; 9.58
-0.35; -0.38; 9.57
-0.36; -0.34; 9.6
-0.39; -0.36; 9.54
-0.39; -0.36; 9.54
-0.41; -0.4; 9.68
-0.37; -0.34; 9.64
-0.38; -0.34; 9.61
-0.36; -0.33; 9.57
-0.36; -0.33; 9.57
-0.4; -0.32; 9.45
-0.38; -0.29; 9.48
-0.4; -0.29; 9.5
-0.37; -0.3; 9.51
-0.37; -0.3; 9.51
-0.32; -0.3; 9.35
-0.33; -0.24; 9.46
-0.34; -0.26; 9.54
-0.33; -0.26; 9.56
-0.33; -0.26; 9.56
-0.39; -0.22; 9.61
-0.41; -0.25; 9.65
-0.34; -0.26; 9.67
-0.34; -0.27; 9.66
-0.34; -0.27; 9.66
-0.34; -0.2; 9.63
-0.32; -0.22; 9.61
-0.33; -0.23; 9.62
-0.31; -0.25; 9.6
-0.31; -0.25; 9.6
-0.32; -0.29; 9.56
-0.31; -0.25; 9.54
-0.33; -0.24; 9.55
-0.32; -0.25; 9.56
-0.32; -0.25; 9.56
-0.31; -0.2; 9.51
-0.3; -0.17; 9.51
-0.31; -0.17; 9.58
-0.31; -0.19; 9.56
-0.31; -0.19; 9.56
-0.32; -0.19; 9.53
-0.29; -0.13; 9.51
-0.28; -0.12; 9.53
-0.29; -0.11; 9.53
-0.29; -0.11; 9.53
-0.27; -0.13; 9.56
-0.3; -0.15; 9.54
-0.3; -0.19; 9.59
-0.31; -0.18; 9.61
-0.31; -0.18; 9.61
-0.29; -0.13; 9.59
-0.29; -0.14; 9.63
-0.33; -0.15; 9.62
-0.32; -0.11; 9.63
-0.32; -0.11; 9.63
-0.3; -0.14; 9.59
-0.28; -0.1; 9.57
-0.27; -0.14; 9.59
-0.3; -0.1; 9.62
-0.3; -0.1; 9.62
-0.33; -0.13; 9.58
-0.33; -0.13; 9.58
-0.28; -0.11; 9.56
-0.28; -0.16; 9.58
-0.28; -0.16; 9.58
-0.27; -0.2; 9.56
-0.3; -0.18; 9.51
-0.31; -0.2; 9.5
-0.3; -0.2; 9.52
-0.3; -0.2; 9.52
-0.27; -0.17; 9.52
-0.28; -0.2; 9.51
-0.27; -0.21; 9.52
-0.27; -0.21; 9.48
-0.23; -0.22; 9.48
-0.26; -0.19; 9.5
-0.22; -0.15; 9.54
-0.24; -0.15; 9.59
-0.24; -0.15; 9.59
-0.19; -0.12; 9.69
-0.24; -0.11; 9.62
-0.21; -0.14; 9.6
-0.21; -0.18; 9.6
-0.21; -0.18; 9.6
-0.32; -0.19; 9.47
-0.29; -0.19; 9.56
-0.27; -0.16; 9.59
-0.28; -0.18; 9.58
-0.28; -0.18; 9.58
-0.3; -0.15; 9.52
-0.28; -0.18; 9.53
-0.28; -0.19; 9.52
-0.29; -0.22; 9.51
-0.29; -0.22; 9.51
-0.34; -0.27; 9.59
-0.31; -0.21; 9.55
-0.31; -0.21; 9.58
-0.32; -0.24; 9.62
-0.32; -0.24; 9.62
-0.44; -0.23; 9.74
-0.36; -0.24; 9.73
-0.34; -0.25; 9.78
-0.28; -0.23; 9.79
-0.28; -0.23; 9.94
-0.32; -0.22; 9.89
-0.26; -0.22; 9.84
-0.19; -0.22; 9.81
-0.17; -0.23; 9.8
-0.17; -0.23; 9.8
-0.16; -0.24; 9.9
-0.19; -0.23; 9.75
-0.2; -0.23; 9.66
-0.21; -0.28; 9.61
-0.21; -0.28; 9.61
-0.23; -0.3; 9.49
-0.22; -0.33; 9.5
-0.17; -0.35; 9.45
-0.15; -0.37; 9.44
-0.15; -0.37; 9.44
-0.15; -0.42; 9.23
-0.16; -0.39; 9.28
-0.2; -0.37; 9.34
-0.19; -0.38; 9.34
-0.19; -0.38; 9.34
-0.17; -0.38; 9.34
-0.2; -0.35; 9.36
-0.2; -0.36; 9.39
-0.26; -0.36; 9.41
-0.26; -0.36; 9.41
-0.2; -0.35; 9.39
-0.26; -0.35; 9.48
-0.3; -0.35; 9.55
-0.34; -0.34; 9.6
-0.34; -0.34; 9.6
-0.35; -0.37; 9.67
-0.33; -0.38; 9.71
-0.33; -0.45; 9.72
-0.28; -0.43; 9.74
-0.28; -0.43; 9.74
-0.22; -0.44; 9.7
-0.24; -0.47; 9.7
-0.24; -0.49; 9.63
-0.22; -0.49; 9.55
-0.22; -0.49; 9.55
-0.21; -0.48; 9.5
-0.26; -0.45; 9.46
-0.26; -0.45; 9.43
-0.3; -0.46; 9.4
-0.3; -0.46; 9.4
-0.35; -0.5; 9.42
-0.36; -0.56; 9.41
-0.41; -0.54; 9.44
-0.39; -0.48; 9.45
-0.39; -0.48; 9.45
-0.4; -0.51; 9.46
-0.38; -0.49; 9.44
-0.36; -0.48; 9.46
-0.32; -0.47; 9.49
-0.32; -0.47; 9.49
-0.31; -0.49; 9.49
-0.32; -0.48; 9.5
-0.28; -0.48; 9.5
-0.3; -0.49; 9.48
-0.3; -0.49; 9.48
-0.31; -0.51; 9.46
-0.32; -0.5; 9.5
-0.34; -0.51; 9.53
-0.4; -0.47; 9.52
-0.4; -0.47; 9.52
-0.4; -0.46; 9.55
-0.4; -0.44; 9.57
-0.44; -0.44; 9.61
-0.44; -0.43; 9.61
-0.44; -0.43; 9.61
-0.4; -0.39; 9.61
-0.39; -0.41; 9.65
-0.39; -0.44; 9.63
-0.36; -0.45; 9.62
-0.36; -0.45; 9.62
-0.34; -0.44; 9.64
-0.31; -0.51; 9.63
-0.34; -0.5; 9.63
-0.33; -0.49; 9.59
-0.33; -0.49; 9.59
-0.37; -0.52; 9.56
-0.36; -0.52; 9.56
-0.37; -0.56; 9.51
-0.37; -0.56; 9.51
-0.32; -0.55; 9.42
-0.33; -0.53; 9.45
-0.35; -0.51; 9.46
-0.39; -0.53; 9.48
-0.39; -0.53; 9.48
-0.38; -0.5; 9.5
-0.4; -0.53; 9.47
-0.43; -0.51; 9.49
-0.44; -0.51; 9.5
-0.44; -0.51; 9.5
-0.4; -0.49; 9.5
-0.4; -0.49; 9.47
-0.44; -0.48; 9.49
-0.43; -0.49; 9.5
-0.43; -0.49; 9.5
-0.35; -0.48; 9.62
-0.39; -0.48; 9.54
-0.41; -0.53; 9.51
-0.43; -0.52; 9.53
-0.43; -0.52; 9.53
-0.34; -0.51; 9.52
-0.4; -0.52; 9.53
-0.45; -0.5; 9.52
-0.48; -0.52; 9.51
-0.48; -0.52; 9.51
-0.54; -0.57; 9.46
-0.54; -0.55; 9.5
-0.5; -0.51; 9.52
-0.5; -0.51; 9.52
-0.57; -0.56; 9.55
-0.53; -0.57; 9.53
-0.51; -0.53; 9.53
-0.5; -0.52; 9.52
-0.5; -0.52; 9.52
-0.56; -0.49; 9.36
-0.53; -0.51; 9.43
-0.5; -0.53; 9.45
-0.51; -0.54; 9.44
-0.51; -0.54; 9.44
-0.5; -0.53; 9.34
-0.51; -0.51; 9.38
-0.49; -0.55; 9.41
-0.47; -0.56; 9.39
-0.47; -0.56; 9.39
-0.49; -0.56; 9.45
-0.51; -0.57; 9.39
-0.54; -0.57; 9.43
-0.55; -0.57; 9.38
-0.55; -0.57; 9.38
-0.55; -0.57; 9.29
-0.55; -0.53; 9.37
-0.52; -0.5; 9.37
-0.5; -0.49; 9.38
-0.5; -0.49; 9.38
-0.5; -0.52; 9.37
-0.51; -0.51; 9.37
-0.48; -0.5; 9.41
-0.47; -0.49; 9.37
-0.47; -0.49; 9.37
-0.4; -0.55; 9.47
-0.42; -0.54; 9.41
-0.46; -0.54; 9.44
-0.51; -0.53; 9.48
-0.51; -0.53; 9.48
-0.49; -0.57; 9.48
-0.5; -0.6; 9.5
-0.5; -0.56; 9.55
-0.55; -0.57; 9.61
-0.55; -0.57; 9.61
-0.57; -0.6; 9.61
-0.51; -0.57; 9.6
-0.52; -0.57; 9.58
-0.51; -0.56; 9.54
-0.54; -0.55; 9.47
-0.54; -0.55; 9.47
-0.55; -0.57; 9.45
-0.56; -0.56; 9.42
-0.57; -0.57; 9.35
-0.56; -0.55; 9.46
-0.56; -0.55; 9.46
-0.56; -0.53; 9.36
-0.53; -0.55; 9.3
-0.53; -0.55; 9.3
-0.57; -0.57; 9.32
-0.57; -0.57; 9.32
-0.54; -0.56; 9.37
-0.49; -0.57; 9.43
-0.48; -0.54; 9.45
-0.45; -0.56; 9.46
-0.45; -0.56; 9.46
-0.5; -0.54; 9.53
-0.49; -0.5; 9.59
-0.48; -0.51; 9.65
-0.49; -0.52; 9.71
-0.49; -0.52; 9.71
-0.48; -0.5; 9.75
-0.49; -0.47; 9.71
-0.45; -0.48; 9.64
-0.46; -0.49; 9.58
-0.46; -0.49; 9.58
-0.44; -0.49; 9.5
-0.4; -0.5; 9.5
-0.47; -0.51; 9.47
-0.47; -0.53; 9.5
-0.47; -0.53; 9.5
-0.48; -0.52; 9.44
-0.44; -0.5; 9.39
-0.46; -0.51; 9.4
-0.46; -0.49; 9.42
-0.46; -0.49; 9.42
-0.48; -0.5; 9.41
-0.44; -0.49; 9.45
-0.46; -0.51; 9.47
-0.46; -0.53; 9.56
-0.46; -0.53; 9.56
-0.43; -0.52; 9.56
-0.43; -0.51; 9.57
-0.4; -0.5; 9.6
-0.4; -0.55; 9.6
-0.4; -0.55; 9.6
-0.33; -0.52; 9.6
-0.31; -0.5; 9.6
-0.3; -0.51; 9.64
-0.3; -0.51; 9.64
-0.28; -0.47; 9.68
-0.27; -0.41; 9.66
-0.28; -0.38; 9.63
-0.29; -0.39; 9.59
-0.29; -0.39; 9.59
-0.29; -0.35; 9.58
-0.35; -0.37; 9.58
-0.37; -0.34; 9.58
-0.41; -0.31; 9.59
-0.41; -0.31; 9.59
-0.39; -0.34; 9.62
-0.37; -0.33; 9.62
-0.34; -0.34; 9.65
-0.34; -0.31; 9.63
-0.34; -0.31; 9.63
-0.26; -0.34; 9.58
-0.26; -0.35; 9.59
-0.27; -0.34; 9.56
-0.29; -0.34; 9.54
-0.29; -0.34; 9.54
-0.42; -0.34; 9.42
-0.32; -0.33; 9.5
-0.31; -0.33; 9.53
-0.28; -0.31; 9.54
-0.28; -0.31; 9.54
-0.28; -0.28; 9.65
-0.29; -0.27; 9.6
-0.24; -0.25; 9.55
-0.27; -0.26; 9.57
-0.27; -0.26; 9.57
-0.27; -0.25; 9.69
-0.28; -0.25; 9.66
-0.25; -0.27; 9.63
-0.26; -0.23; 9.57
-0.26; -0.23; 9.57
-0.23; -0.25; 9.59
-0.24; -0.23; 9.61
-0.22; -0.25; 9.61
-0.22; -0.22; 9.61
-0.22; -0.22; 9.61
-0.14; -0.17; 9.6
-0.17; -0.16; 9.56
-0.22; -0.17; 9.57
-0.22; -0.22; 9.6
-0.22; -0.22; 9.6
-0.23; -0.21; 9.68
-0.25; -0.22; 9.64
-0.26; -0.22; 9.65
-0.27; -0.21; 9.64
-0.27; -0.21; 9.64
-0.31; -0.23; 9.65
-0.27; -0.22; 9.73
-0.24; -0.24; 9.77
-0.24; -0.25; 9.9
-0.24; -0.25; 9.9
-0.21; -0.26; 9.92
-0.19; -0.25; 9.9
-0.18; -0.22; 9.87
-0.2; -0.23; 9.71
-0.2; -0.23; 9.71
-0.18; -0.21; 9.61
-0.19; -0.26; 9.5
-0.21; -0.26; 9.41
-0.24; -0.27; 9.34
-0.24; -0.27; 9.34
-0.27; -0.26; 9.34
-0.27; -0.27; 9.34
-0.3; -0.26; 9.36
-0.29; -0.28; 9.38
-0.29; -0.28; 9.38
-0.29; -0.28; 9.34
-0.3; -0.3; 9.37
-0.31; -0.33; 9.39
-0.25; -0.33; 9.43
-0.25; -0.33; 9.43
-0.23; -0.35; 9.47
-0.19; -0.33; 9.51
-0.14; -0.34; 9.58
-0.11; -0.34; 9.6
-0.11; -0.34; 9.6
-0.12; -0.36; 9.58
-0.12; -0.34; 9.57
-0.15; -0.31; 9.61
-0.17; -0.3; 9.61
-0.17; -0.3; 9.61
-0.2; -0.3; 9.62
-0.23; -0.29; 9.65
-0.28; -0.27; 9.66
-0.28; -0.32; 9.53
-0.28; -0.32; 9.53
-0.33; -0.3; 9.53
-0.34; -0.32; 9.53
-0.37; -0.32; 9.56
-0.35; -0.35; 9.57
-0.35; -0.35; 9.57
-0.32; -0.34; 9.55
-0.33; -0.34; 9.58
-0.29; -0.35; 9.63
-0.29; -0.35; 9.63
-0.26; -0.33; 9.66
-0.22; -0.35; 9.63
-0.21; -0.35; 9.68
-0.2; -0.36; 9.65
-0.2; -0.36; 9.65
-0.22; -0.37; 9.64
-0.21; -0.35; 9.65
-0.2; -0.34; 9.59
-0.2; -0.36; 9.56
-0.2; -0.36; 9.56
-0.17; -0.4; 9.53
-0.21; -0.4; 9.5
-0.23; -0.39; 9.45
-0.19; -0.38; 9.47
-0.19; -0.38; 9.47
-0.22; -0.39; 9.49
-0.24; -0.42; 9.46
-0.22; -0.44; 9.48
-0.2; -0.42; 9.49
-0.2; -0.42; 9.49
-0.2; -0.43; 9.48
-0.18; -0.42; 9.53
-0.21; -0.49; 9.61
-0.24; -0.47; 9.6
-0.24; -0.47; 9.6
-0.27; -0.48; 9.56
-0.24; -0.47; 9.53
-0.24; -0.44; 9.52
-0.28; -0.48; 9.49
-0.28; -0.48; 9.49
-0.36; -0.47; 9.51
-0.32; -0.45; 9.52
-0.3; -0.48; 9.53
-0.3; -0.47; 9.52
-0.3; -0.47; 9.52
-0.34; -0.45; 9.5
-0.37; -0.49; 9.52
-0.34; -0.45; 9.58
-0.34; -0.42; 9.64
-0.34; -0.42; 9.64
-0.31; -0.46; 9.68
-0.29; -0.44; 9.79
-0.22; -0.46; 9.8
-0.2; -0.48; 9.88
-0.2; -0.48; 9.88
-0.12; -0.5; 9.88
-0.11; -0.51; 9.83
-0.09; -0.51; 9.76
-0.11; -0.53; 9.7
-0.11; -0.53; 9.7
-0.13; -0.5; 9.58
-0.15; -0.51; 9.48
-0.18; -0.49; 9.47
-0.23; -0.52; 9.43
-0.23; -0.52; 9.43
-0.27; -0.51; 9.4
-0.36; -0.52; 9.43
-0.38; -0.5; 9.42
-0.37; -0.48; 9.44
-0.37; -0.48; 9.44
-0.4; -0.45; 9.46
-0.33; -0.44; 9.47
-0.34; -0.41; 9.48
-0.37; -0.45; 9.53
-0.37; -0.45; 9.53
-0.33; -0.44; 9.53
-0.33; -0.43; 9.54
-0.29; -0.45; 9.53
-0.33; -0.48; 9.58
-0.33; -0.48; 9.58
-0.31; -0.51; 9.59
-0.32; -0.51; 9.57
-0.35; -0.51; 9.59
-0.33; -0.54; 9.58
-0.33; -0.54; 9.58
-0.34; -0.48; 9.56
-0.38; -0.47; 9.56
-0.38; -0.47; 9.53
-0.41; -0.5; 9.49
-0.41; -0.5; 9.49
-0.42; -0.56; 9.47
-0.43; -0.58; 9.49
-0.44; -0.55; 9.46
-0.41; -0.5; 9.47
-0.41; -0.5; 9.47
-0.39; -0.48; 9.51
-0.42; -0.47; 9.49
-0.41; -0.51; 9.5
-0.38; -0.56; 9.53
-0.38; -0.56; 9.53
-0.4; -0.57; 9.56
-0.37; -0.58; 9.53
-0.35; -0.58; 9.55
-0.31; -0.58; 9.56
-0.31; -0.58; 9.56
-0.34; -0.57; 9.49
-0.37; -0.57; 9.51
-0.35; -0.56; 9.52
-0.36; -0.56; 9.51
-0.36; -0.56; 9.51
-0.43; -0.53; 9.51
-0.44; -0.51; 9.54
-0.45; -0.54; 9.53
-0.45; -0.51; 9.53
-0.45; -0.51; 9.53
-0.47; -0.57; 9.54
-0.49; -0.55; 9.57
-0.48; -0.56; 9.57
-0.51; -0.55; 9.58
-0.51; -0.55; 9.58
-0.52; -0.55; 9.6
-0.51; -0.54; 9.59
-0.45; -0.58; 9.6
-0.42; -0.56; 9.57
-0.42; -0.56; 9.57
-0.36; -0.56; 9.55
-0.36; -0.57; 9.53
-0.35; -0.56; 9.51
-0.38; -0.57; 9.5
-0.38; -0.57; 9.5
-0.4; -0.57; 9.61
-0.44; -0.59; 9.55
-0.45; -0.61; 9.51
-0.48; -0.59; 9.45
-0.48; -0.59; 9.45
-0.42; -0.55; 9.52
-0.44; -0.58; 9.5
-0.5; -0.57; 9.48
-0.53; -0.57; 9.51
-0.53; -0.57; 9.51
-0.59; -0.5; 9.52
-0.59; -0.53; 9.52
-0.5; -0.57; 9.55
-0.5; -0.55; 9.56
-0.5; -0.55; 9.56
-0.54; -0.55; 9.51
-0.54; -0.57; 9.6
-0.55; -0.58; 9.59
-0.56; -0.58; 9.61
-0.56; -0.58; 9.61
-0.65; -0.57; 9.6
-0.58; -0.56; 9.53
-0.54; -0.57; 9.51
-0.52; -0.57; 9.47
-0.52; -0.57; 9.47
-0.51; -0.62; 9.5
-0.56; -0.63; 9.45
-0.58; -0.65; 9.45
-0.57; -0.57; 9.46
-0.57; -0.57; 9.46
-0.62; -0.59; 9.45
-0.6; -0.56; 9.42
-0.59; -0.55; 9.45
-0.57; -0.52; 9.37
-0.61; -0.54; 9.32
-0.61; -0.54; 9.32
-0.59; -0.55; 9.3
-0.61; -0.54; 9.25
-0.61; -0.57; 9.27
-0.61; -0.57; 9.27
-0.59; -0.54; 9.3
-0.58; -0.52; 9.29
-0.57; -0.53; 9.26
-0.59; -0.53; 9.26
-0.64; -0.53; 9.27
-0.64; -0.53; 9.27
-0.62; -0.5; 9.28
-0.59; -0.53; 9.34
-0.59; -0.57; 9.42
-0.6; -0.62; 9.47
-0.6; -0.62; 9.47
-0.57; -0.58; 9.56
-0.56; -0.62; 9.64
-0.56; -0.65; 9.64
-0.56; -0.59; 9.67
-0.56; -0.59; 9.67
-0.53; -0.59; 9.65
-0.55; -0.65; 9.67
-0.56; -0.61; 9.62
-0.56; -0.61; 9.56
-0.56; -0.61; 9.56
-0.57; -0.57; 9.47
-0.56; -0.55; 9.46
-0.6; -0.53; 9.39
-0.63; -0.51; 9.4
-0.63; -0.51; 9.4
-0.64; -0.49; 9.38
-0.62; -0.49; 9.39
-0.63; -0.5; 9.43
-0.6; -0.57; 9.42
-0.6; -0.57; 9.42
-0.57; -0.56; 9.43
-0.52; -0.57; 9.45
-0.57; -0.55; 9.46
-0.55; -0.55; 9.48
-0.55; -0.55; 9.48
-0.52; -0.55; 9.45
-0.54; -0.54; 9.42
-0.54; -0.57; 9.44
-0.54; -0.57; 9.5
-0.54; -0.57; 9.5
-0.52; -0.53; 9.48
-0.53; -0.52; 9.53
-0.53; -0.53; 9.48
-0.5; -0.54; 9.51
-0.5; -0.54; 9.51
-0.53; -0.57; 9.52
-0.51; -0.56; 9.53
-0.51; -0.57; 9.5
-0.53; -0.57; 9.5
-0.53; -0.57; 9.5
-0.57; -0.55; 9.52
-0.57; -0.54; 9.54
-0.58; -0.56; 9.54
-0.6; -0.57; 9.51
-0.6; -0.57; 9.51
-0.62; -0.57; 9.52
-0.57; -0.55; 9.49
-0.57; -0.6; 9.55
-0.56; -0.59; 9.54
-0.56; -0.59; 9.54
-0.56; -0.59; 9.57
-0.54; -0.6; 9.52
-0.51; -0.6; 9.54
-0.5; -0.57; 9.49
-0.5; -0.57; 9.49
-0.47; -0.59; 9.45
-0.46; -0.61; 9.42
-0.46; -0.58; 9.39
-0.39; -0.61; 9.36
-0.39; -0.61; 9.36
-0.34; -0.6; 9.39
-0.4; -0.57; 9.42
-0.43; -0.59; 9.44
-0.44; -0.55; 9.48
-0.44; -0.55; 9.48
-0.48; -0.53; 9.54
-0.46; -0.51; 9.61
-0.46; -0.48; 9.65
-0.47; -0.47; 9.67
-0.45; -0.54; 9.61
-0.43; -0.54; 9.58
-0.39; -0.49; 9.57
-0.38; -0.48; 9.58
-0.38; -0.48; 9.58
-0.3; -0.47; 9.73
-0.36; -0.44; 9.68
-0.39; -0.41; 9.66
-0.38; -0.43; 9.65
-0.38; -0.43; 9.65
-0.43; -0.44; 9.71
-0.42; -0.45; 9.63
-0.39; -0.43; 9.62
-0.4; -0.42; 9.58
-0.4; -0.42; 9.58
-0.37; -0.49; 9.56
-0.37; -0.45; 9.55
-0.35; -0.43; 9.57
-0.39; -0.42; 9.56
-0.39; -0.42; 9.56
-0.5; -0.41; 9.67
-0.42; -0.41; 9.64
-0.39; -0.4; 9.62
-0.37; -0.36; 9.6
-0.37; -0.36; 9.6
-0.35; -0.38; 9.65
-0.33; -0.39; 9.63
-0.33; -0.37; 9.62
-0.3; -0.35; 9.61
-0.3; -0.35; 9.61
-0.2; -0.39; 9.64
-0.24; -0.35; 9.64
-0.28; -0.34; 9.58
-0.32; -0.37; 9.57
-0.32; -0.37; 9.57
-0.33; -0.34; 9.55
-0.3; -0.35; 9.58
-0.32; -0.35; 9.63
-0.34; -0.38; 9.59
-0.34; -0.38; 9.59
-0.37; -0.37; 9.59
-0.34; -0.35; 9.62
-0.32; -0.36; 9.59
-0.27; -0.37; 9.56
-0.27; -0.37; 9.56
-0.28; -0.34; 9.54
-0.24; -0.34; 9.53
-0.24; -0.34; 9.49
-0.27; -0.38; 9.47
-0.27; -0.38; 9.47
-0.28; -0.34; 9.47
-0.26; -0.33; 9.46
-0.27; -0.31; 9.48
-0.29; -0.32; 9.5
-0.29; -0.32; 9.5
-0.3; -0.32; 9.52
-0.32; -0.32; 9.52
-0.3; -0.3; 9.51
-0.3; -0.3; 9.55
-0.3; -0.3; 9.55
-0.26; -0.27; 9.58
-0.31; -0.28; 9.6
-0.32; -0.29; 9.59
-0.29; -0.28; 9.61
-0.29; -0.28; 9.61
-0.28; -0.26; 9.61
-0.28; -0.26; 9.6
-0.25; -0.25; 9.6
-0.26; -0.25; 9.64
-0.26; -0.25; 9.64
-0.26; -0.23; 9.63
-0.24; -0.26; 9.59
-0.28; -0.26; 9.62
-0.27; -0.22; 9.6
-0.27; -0.22; 9.6
-0.28; -0.21; 9.56
-0.32; -0.2; 9.56
-0.28; -0.23; 9.56
-0.28; -0.23; 9.56
-0.28; -0.23; 9.56
-0.29; -0.25; 9.57
-0.31; -0.22; 9.55
-0.28; -0.22; 9.59
-0.25; -0.22; 9.57
-0.25; -0.22; 9.57
-0.26; -0.21; 9.58
-0.26; -0.22; 9.57
-0.23; -0.22; 9.6
-0.26; -0.29; 9.61
-0.26; -0.29; 9.61
-0.21; -0.26; 9.62
-0.21; -0.28; 9.6
-0.29; -0.24; 9.62
-0.31; -0.25; 9.61
-0.31; -0.25; 9.61
-0.32; -0.27; 9.62
-0.29; -0.26; 9.62
-0.26; -0.25; 9.67
-0.27; -0.26; 9.67
-0.27; -0.26; 9.67
-0.29; -0.24; 9.71
-0.27; -0.27; 9.69
-0.25; -0.3; 9.72
-0.25; -0.31; 9.75
-0.25; -0.31; 9.75
-0.24; -0.34; 9.77
-0.29; -0.34; 9.75
-0.28; -0.38; 9.75
-0.2; -0.43; 9.72
-0.2; -0.43; 9.72
-0.16; -0.43; 9.67
-0.16; -0.43; 9.64
-0.17; -0.42; 9.56
-0.22; -0.41; 9.5
-0.22; -0.41; 9.5
-0.26; -0.42; 9.5
-0.28; -0.43; 9.5
-0.34; -0.43; 9.49
-0.32; -0.42; 9.45
-0.32; -0.42; 9.45
-0.3; -0.41; 9.46
-0.32; -0.42; 9.45
-0.29; -0.45; 9.5
-0.28; -0.41; 9.52
-0.28; -0.41; 9.52
-0.29; -0.41; 9.52
-0.25; -0.4; 9.5
-0.22; -0.42; 9.51
-0.18; -0.42; 9.57
-0.18; -0.42; 9.57
-0.17; -0.44; 9.6
-0.16; -0.44; 9.6
-0.18; -0.47; 9.65
-0.18; -0.49; 9.69
-0.18; -0.49; 9.69
-0.15; -0.49; 9.66
-0.22; -0.49; 9.64
-0.21; -0.53; 9.62
-0.25; -0.53; 9.6
-0.25; -0.53; 9.6
-0.26; -0.55; 9.55
-0.31; -0.56; 9.51
-0.34; -0.53; 9.46
-0.34; -0.53; 9.46
-0.33; -0.57; 9.54
-0.34; -0.52; 9.45
-0.39; -0.49; 9.4
-0.4; -0.45; 9.4
-0.4; -0.45; 9.4
-0.4; -0.48; 9.39
-0.43; -0.46; 9.35
-0.48; -0.48; 9.36
-0.47; -0.48; 9.4
-0.32; -0.51; 9.44
-0.46; -0.51; 9.44
-0.48; -0.5; 9.45
-0.43; -0.48; 9.53
-0.41; -0.49; 9.51
-0.39; -0.5; 9.5
-0.39; -0.5; 9.5
-0.39; -0.52; 9.51
-0.38; -0.54; 9.53
-0.37; -0.52; 9.57
-0.38; -0.52; 9.58
-0.38; -0.52; 9.58
-0.39; -0.52; 9.59
-0.37; -0.51; 9.6
-0.38; -0.54; 9.6
-0.42; -0.55; 9.6
-0.42; -0.55; 9.6
-0.4; -0.53; 9.57
-0.44; -0.51; 9.55
-0.48; -0.52; 9.54
-0.51; -0.54; 9.52
-0.51; -0.54; 9.52
-0.51; -0.53; 9.54
-0.5; -0.53; 9.54
-0.51; -0.53; 9.52
-0.55; -0.53; 9.51
-0.55; -0.53; 9.51
-0.54; -0.5; 9.51
-0.49; -0.48; 9.47
-0.47; -0.51; 9.49
-0.43; -0.53; 9.46
-0.43; -0.53; 9.46
-0.44; -0.55; 9.46
-0.42; -0.5; 9.45
-0.46; -0.51; 9.48
-0.42; -0.48; 9.47
-0.42; -0.48; 9.47
-0.45; -0.51; 9.5
-0.47; -0.52; 9.51
-0.45; -0.51; 9.57
-0.43; -0.56; 9.57
-0.43; -0.56; 9.57
-0.44; -0.56; 9.55
-0.45; -0.54; 9.56
-0.46; -0.52; 9.57
-0.43; -0.51; 9.59
-0.43; -0.51; 9.59
-0.42; -0.55; 9.6
-0.44; -0.54; 9.57
-0.41; -0.52; 9.59
-0.4; -0.54; 9.55
-0.4; -0.54; 9.55
-0.43; -0.52; 9.53
-0.44; -0.52; 9.46
-0.48; -0.51; 9.45
-0.5; -0.52; 9.42
-0.5; -0.52; 9.42
-0.54; -0.53; 9.41
-0.56; -0.53; 9.43
-0.57; -0.54; 9.43
-0.6; -0.55; 9.41
-0.6; -0.55; 9.41
-0.6; -0.5; 9.45
-0.58; -0.55; 9.45
-0.59; -0.55; 9.51
-0.57; -0.55; 9.56
-0.57; -0.55; 9.56
-0.56; -0.54; 9.55
-0.54; -0.56; 9.55
-0.53; -0.56; 9.54
-0.53; -0.57; 9.56
-0.53; -0.57; 9.56
-0.54; -0.59; 9.57
-0.57; -0.59; 9.55
-0.56; -0.57; 9.57
-0.59; -0.55; 9.53
-0.59; -0.55; 9.53
-0.59; -0.57; 9.53
-0.62; -0.54; 9.5
-0.63; -0.53; 9.5
-0.63; -0.56; 9.45
-0.63; -0.56; 9.45
-0.62; -0.55; 9.43
-0.61; -0.55; 9.45
-0.61; -0.55; 9.43
-0.57; -0.53; 9.4
-0.57; -0.53; 9.4
-0.54; -0.57; 9.33
-0.56; -0.58; 9.28
-0.55; -0.59; 9.24
-0.62; -0.63; 9.22
-0.62; -0.63; 9.22
-0.59; -0.64; 9.34
-0.64; -0.58; 9.3
-0.62; -0.53; 9.3
-0.61; -0.52; 9.25
-0.61; -0.52; 9.25
-0.57; -0.52; 9.27
-0.57; -0.52; 9.28
-0.6; -0.54; 9.35
-0.61; -0.53; 9.4
-0.61; -0.53; 9.4
-0.66; -0.53; 9.47
-0.61; -0.55; 9.53
-0.59; -0.59; 9.56
-0.58; -0.59; 9.56
-0.58; -0.59; 9.56
-0.61; -0.6; 9.5
-0.57; -0.61; 9.54
-0.56; -0.61; 9.51
-0.55; -0.61; 9.5
-0.55; -0.61; 9.5
-0.57; -0.6; 9.35
-0.57; -0.61; 9.33
-0.56; -0.58; 9.29
-0.58; -0.54; 9.25
-0.58; -0.54; 9.25
-0.64; -0.56; 9.1
-0.64; -0.53; 9.21
-0.68; -0.52; 9.27
-0.72; -0.49; 9.34
-0.72; -0.49; 9.34
-0.66; -0.48; 9.39
-0.67; -0.48; 9.43
-0.68; -0.5; 9.47
-0.66; -0.5; 9.52
-0.66; -0.5; 9.52
-0.6; -0.53; 9.53
-0.6; -0.52; 9.56
-0.56; -0.57; 9.56
-0.49; -0.6; 9.55
-0.49; -0.6; 9.55
-0.51; -0.64; 9.56
-0.52; -0.62; 9.57
-0.52; -0.64; 9.56
-0.51; -0.63; 9.53
-0.51; -0.63; 9.53
-0.5; -0.6; 9.49
-0.53; -0.57; 9.45
-0.57; -0.54; 9.45
-0.57; -0.51; 9.44
-0.57; -0.51; 9.44
-0.54; -0.5; 9.41
-0.57; -0.51; 9.44
-0.57; -0.52; 9.45
-0.58; -0.52; 9.45
-0.58; -0.52; 9.45
-0.61; -0.49; 9.52
-0.54; -0.5; 9.52
-0.53; -0.48; 9.51
-0.51; -0.52; 9.55
-0.51; -0.52; 9.55
-0.57; -0.56; 9.61
-0.54; -0.59; 9.64
-0.5; -0.55; 9.62
-0.48; -0.54; 9.64
-0.48; -0.54; 9.64
-0.32; -0.52; 9.58
-0.35; -0.53; 9.66
-0.38; -0.54; 9.67
-0.42; -0.52; 9.66
-0.42; -0.52; 9.66
-0.36; -0.47; 9.67
-0.42; -0.5; 9.68
-0.43; -0.5; 9.66
-0.4; -0.47; 9.65
-0.4; -0.47; 9.65
-0.43; -0.51; 9.51
-0.41; -0.47; 9.55
-0.4; -0.44; 9.56
-0.4; -0.43; 9.55
-0.4; -0.43; 9.55
-0.34; -0.45; 9.53
-0.34; -0.41; 9.55
-0.35; -0.41; 9.54
-0.34; -0.43; 9.55
-0.34; -0.43; 9.55
-0.43; -0.42; 9.58
-0.39; -0.41; 9.56
-0.37; -0.39; 9.6
-0.35; -0.37; 9.63
-0.35; -0.37; 9.63
-0.34; -0.37; 9.62
-0.34; -0.37; 9.6
-0.34; -0.37; 9.64
-0.34; -0.37; 9.64
-0.34; -0.37; 9.64
-0.37; -0.35; 9.63
-0.37; -0.33; 9.67
-0.35; -0.31; 9.64
-0.2; -0.33; 9.55
-0.31; -0.33; 9.55
-0.29; -0.34; 9.6
-0.34; -0.34; 9.59
-0.35; -0.33; 9.57
-0.35; -0.33; 9.57
-0.4; -0.39; 9.42
-0.35; -0.37; 9.5
-0.36; -0.34; 9.51
-0.33; -0.32; 9.55
-0.33; -0.32; 9.55
-0.32; -0.34; 9.52
-0.29; -0.34; 9.54
-0.28; -0.39; 9.58
-0.27; -0.38; 9.58
-0.27; -0.38; 9.58
-0.23; -0.34; 9.71
-0.29; -0.34; 9.62
-0.3; -0.34; 9.57
-0.32; -0.34; 9.6
-0.32; -0.34; 9.6
-0.33; -0.36; 9.61
-0.35; -0.34; 9.58
-0.36; -0.31; 9.53
-0.33; -0.32; 9.51
-0.33; -0.32; 9.51
-0.28; -0.32; 9.48
-0.24; -0.31; 9.47
-0.24; -0.33; 9.48
-0.28; -0.33; 9.47
-0.28; -0.33; 9.47
-0.26; -0.33; 9.48
-0.31; -0.35; 9.49
-0.33; -0.32; 9.54
-0.33; -0.34; 9.58
-0.33; -0.34; 9.58
-0.28; -0.36; 9.58
-0.28; -0.34; 9.57
-0.26; -0.34; 9.56
-0.24; -0.34; 9.59
-0.24; -0.34; 9.59
-0.27; -0.35; 9.6
-0.28; -0.34; 9.61
-0.33; -0.31; 9.65
-0.35; -0.34; 9.67
-0.35; -0.34; 9.67
-0.34; -0.34; 9.68
-0.34; -0.35; 9.73
-0.33; -0.34; 9.73
-0.32; -0.35; 9.7
-0.32; -0.35; 9.7
-0.32; -0.34; 9.67
-0.3; -0.39; 9.7
-0.29; -0.34; 9.68
-0.26; -0.31; 9.67
-0.26; -0.31; 9.67
-0.26; -0.34; 9.65
-0.24; -0.39; 9.68
-0.26; -0.37; 9.64
-0.27; -0.37; 9.64
-0.27; -0.37; 9.64
-0.26; -0.39; 9.6
-0.26; -0.37; 9.56
-0.26; -0.4; 9.59
-0.24; -0.42; 9.61
-0.24; -0.42; 9.61
-0.22; -0.37; 9.61
-0.23; -0.41; 9.65
-0.24; -0.45; 9.64
-0.2; -0.43; 9.61
-0.2; -0.43; 9.61
-0.24; -0.42; 9.6
-0.26; -0.42; 9.59
-0.25; -0.41; 9.54
-0.3; -0.42; 9.56
-0.3; -0.42; 9.56
-0.31; -0.44; 9.55
-0.3; -0.44; 9.55
-0.29; -0.44; 9.56
-0.29; -0.44; 9.56
-0.26; -0.45; 9.53
-0.27; -0.41; 9.53
-0.26; -0.41; 9.56
-0.25; -0.43; 9.53
-0.25; -0.43; 9.53
-0.26; -0.44; 9.41
-0.26; -0.46; 9.45
-0.28; -0.49; 9.48
-0.27; -0.49; 9.49
-0.33; -0.45; 9.43
-0.33; -0.45; 9.43
-0.34; -0.44; 9.48
-0.34; -0.47; 9.51
-0.31; -0.44; 9.52
-0.37; -0.44; 9.54
-0.35; -0.43; 9.52
-0.31; -0.47; 9.52
-0.33; -0.44; 9.5
-0.33; -0.44; 9.5
-0.32; -0.45; 9.45
-0.34; -0.45; 9.45
-0.38; -0.47; 9.43
-0.37; -0.51; 9.46
-0.37; -0.51; 9.46
-0.43; -0.48; 9.45
-0.37; -0.5; 9.47
-0.4; -0.51; 9.51
-0.38; -0.43; 9.5
-0.38; -0.43; 9.5
-0.41; -0.39; 9.52
-0.41; -0.44; 9.55
-0.41; -0.42; 9.57
-0.41; -0.41; 9.6
-0.41; -0.41; 9.6
-0.42; -0.39; 9.61
-0.42; -0.37; 9.6
-0.45; -0.39; 9.58
-0.43; -0.42; 9.59
-0.43; -0.42; 9.59
-0.44; -0.44; 9.64
-0.43; -0.46; 9.66
-0.41; -0.49; 9.61
-0.41; -0.47; 9.64
-0.41; -0.47; 9.64
-0.46; -0.46; 9.63
-0.46; -0.49; 9.61
-0.47; -0.48; 9.57
-0.46; -0.51; 9.56
-0.46; -0.51; 9.56
-0.47; -0.47; 9.38
-0.47; -0.5; 9.45
-0.46; -0.53; 9.45
-0.46; -0.58; 9.45
-0.46; -0.58; 9.45
-0.47; -0.6; 9.36
-0.46; -0.55; 9.39
-0.45; -0.53; 9.45
-0.45; -0.56; 9.47
-0.45; -0.56; 9.47
-0.43; -0.53; 9.53
-0.47; -0.51; 9.51
-0.46; -0.53; 9.48
-0.48; -0.53; 9.49
-0.46; -0.55; 9.5
-0.46; -0.55; 9.5
-0.53; -0.52; 9.5
-0.52; -0.51; 9.46
-0.52; -0.53; 9.45
-0.5; -0.51; 9.46
-0.5; -0.51; 9.46
-0.49; -0.51; 9.47
-0.5; -0.52; 9.49
-0.51; -0.54; 9.54
-0.54; -0.6; 9.49
-0.54; -0.6; 9.49
-0.54; -0.6; 9.55
-0.56; -0.59; 9.57
-0.59; -0.62; 9.56
-0.59; -0.62; 9.56
-0.64; -0.57; 9.54
-0.66; -0.57; 9.53
-0.61; -0.56; 9.54
-0.63; -0.56; 9.52
-0.61; -0.55; 9.53
-0.61; -0.55; 9.53
-0.6; -0.55; 9.55
-0.61; -0.57; 9.54
-0.65; -0.57; 9.51
-0.58; -0.57; 9.45
-0.58; -0.57; 9.45
-0.59; -0.54; 9.43
-0.61; -0.55; 9.39
-0.61; -0.54; 9.33
-0.62; -0.54; 9.38
-0.62; -0.54; 9.38
-0.65; -0.53; 9.35
-0.69; -0.57; 9.32
-0.69; -0.56; 9.4
-0.7; -0.59; 9.64
-0.7; -0.59; 9.64
-0.67; -0.59; 9.58
-0.64; -0.54; 9.56
-0.68; -0.55; 9.55
-0.68; -0.55; 9.55
-0.72; -0.54; 9.53
-0.64; -0.54; 9.54
-0.65; -0.53; 9.52
-0.65; -0.56; 9.51
-0.65; -0.56; 9.51
-0.65; -0.56; 9.27
-0.62; -0.54; 9.29
-0.64; -0.57; 9.28
-0.7; -0.57; 9.26
-0.7; -0.57; 9.26
-0.75; -0.54; 9.38
-0.72; -0.57; 9.28
-0.68; -0.61; 9.27
-0.65; -0.58; 9.27
-0.65; -0.58; 9.27
-0.73; -0.62; 9.48
-0.71; -0.57; 9.41
-0.67; -0.57; 9.44
-0.64; -0.57; 9.45
-0.64; -0.57; 9.53
-0.62; -0.57; 9.53
-0.62; -0.54; 9.55
-0.62; -0.53; 9.57
-0.65; -0.52; 9.61
-0.66; -0.56; 9.6
-0.66; -0.56; 9.6
-0.64; -0.58; 9.56
-0.63; -0.62; 9.52
-0.66; -0.65; 9.47
-0.66; -0.62; 9.45
-0.66; -0.62; 9.45
-0.65; -0.58; 9.41
-0.66; -0.6; 9.32
-0.63; -0.58; 9.28
-0.62; -0.56; 9.28
-0.62; -0.56; 9.28
-0.62; -0.56; 9.23
-0.64; -0.55; 9.23
-0.63; -0.53; 9.25
-0.61; -0.53; 9.29
-0.61; -0.53; 9.29
-0.64; -0.52; 9.32
-0.61; -0.51; 9.38
-0.59; -0.55; 9.41
-0.58; -0.57; 9.42
-0.58; -0.57; 9.42
-0.57; -0.57; 9.35
-0.57; -0.56; 9.32
-0.59; -0.57; 9.27
-0.59; -0.57; 9.27
-0.59; -0.57; 9.27
-0.58; -0.53; 9.43
-0.6; -0.52; 9.39
-0.63; -0.5; 9.43
-0.66; -0.5; 9.5
-0.66; -0.5; 9.5
-0.72; -0.49; 9.63
-0.68; -0.48; 9.64
-0.63; -0.45; 9.69
-0.61; -0.42; 9.71
-0.61; -0.42; 9.71
-0.56; -0.42; 9.7
-0.54; -0.43; 9.69
-0.55; -0.44; 9.67
-0.55; -0.45; 9.71
-0.55; -0.45; 9.71
-0.51; -0.41; 9.69
-0.51; -0.46; 9.68
-0.47; -0.51; 9.67
-0.46; -0.55; 9.67
-0.46; -0.55; 9.67
-0.45; -0.58; 9.62
-0.4; -0.6; 9.59
-0.38; -0.58; 9.58
-0.37; -0.55; 9.59
-0.37; -0.55; 9.59
-0.38; -0.57; 9.57
-0.34; -0.54; 9.58
-0.33; -0.54; 9.55
-0.37; -0.57; 9.58
-0.37; -0.57; 9.58
-0.33; -0.54; 9.59
-0.35; -0.52; 9.59
-0.39; -0.5; 9.6
-0.38; -0.43; 9.58
-0.38; -0.43; 9.58
-0.35; -0.37; 9.61
-0.38; -0.39; 9.63
-0.37; -0.38; 9.63
-0.39; -0.37; 9.62
-0.39; -0.37; 9.62
-0.38; -0.4; 9.65
-0.39; -0.39; 9.66
-0.36; -0.34; 9.62
-0.34; -0.37; 9.64
-0.34; -0.37; 9.64
-0.33; -0.33; 9.67
-0.32; -0.34; 9.67
-0.34; -0.34; 9.66
-0.35; -0.34; 9.67
-0.35; -0.34; 9.67
-0.34; -0.34; 9.69
-0.33; -0.34; 9.67
-0.32; -0.33; 9.63
-0.32; -0.33; 9.63
-0.38; -0.3; 9.53
-0.31; -0.24; 9.53
-0.3; -0.26; 9.52
-0.29; -0.31; 9.52
-0.29; -0.31; 9.52
-0.3; -0.31; 9.59
-0.29; -0.33; 9.58
-0.28; -0.34; 9.56
-0.29; -0.35; 9.52
-0.29; -0.35; 9.52
-0.38; -0.36; 9.38
-0.38; -0.38; 9.43
-0.35; -0.42; 9.45
-0.36; -0.41; 9.48
-0.36; -0.41; 9.48
-0.37; -0.41; 9.39
-0.31; -0.4; 9.48
-0.26; -0.39; 9.51
-0.32; -0.36; 9.54
-0.32; -0.36; 9.54
-0.26; -0.39; 9.36
-0.29; -0.36; 9.45
-0.32; -0.34; 9.53
-0.36; -0.32; 9.56
-0.36; -0.32; 9.54
-0.34; -0.37; 9.54
-0.37; -0.4; 9.58
-0.38; -0.41; 9.6
-0.37; -0.4; 9.59
-0.37; -0.4; 9.59
-0.26; -0.41; 9.43
-0.3; -0.42; 9.52
-0.32; -0.39; 9.56
-0.32; -0.39; 9.56
