9880 , 19282
9883 , 19297
9886 , 19311
9888 , 19319
9890 , 19329
9891 , 19335
9891 , 19338
9891 , 19338
9891 , 19338
9891 , 19340
9892 , 19343
9893 , 19348
9894 , 19351
9895 , 19357
9895 , 19360
9897 , 19363
9896 , 19366
9897 , 19368
9897 , 19370
9897 , 19372
9898 , 19375
9898 , 19378
9898 , 19377
9893 , 19358
9885 , 19318
9880 , 19293
9880 , 19294
9882 , 19308
9885 , 19321
9887 , 19330
9888 , 19336
9890 , 19344
9891 , 19348
9892 , 19350
9891 , 19348
9891 , 19348
9892 , 19352
9891 , 19356
9892 , 19362
9894 , 19368
9894 , 19371
9895 , 19374
9896 , 19377
9896 , 19379
9897 , 19381
9897 , 19382
9898 , 19384
9898 , 19388
9898 , 19389
9898 , 19390
9895 , 19375
9887 , 19339
9881 , 19313
9880 , 19310
9882 , 19322
9884 , 19335
9887 , 19344
9888 , 19351
9889 , 19356
9889 , 19359
9890 , 19360
9890 , 19361
9890 , 19362
9891 , 19362
9891 , 19364
9891 , 19370
9893 , 19375
9894 , 19379
9895 , 19384
9895 , 19387
9895 , 19389
9895 , 19390
9895 , 19391
9895 , 19392
9895 , 19392
9894 , 19392
9895 , 19394
9894 , 19391
9889 , 19368
9881 , 19334
9878 , 19317
9878 , 19322
9880 , 19336
9882 , 19348
9884 , 19353
9885 , 19359
9885 , 19362
9884 , 19360
9883 , 19357
9883 , 19354
9882 , 19349
9882 , 19351
9882 , 19353
9883 , 19356
9883 , 19360
9885 , 19365
9885 , 19368
9886 , 19373
9887 , 19376
9887 , 19380
9887 , 19382
9888 , 19384
9888 , 19386
9888 , 19390
9888 , 19386
9883 , 19365
9877 , 19334
9873 , 19321
9875 , 19327
9877 , 19341
9881 , 19353
9883 , 19364
9885 , 19372
9886 , 19376
9886 , 19377
9885 , 19375
9885 , 19373
9885 , 19374
9886 , 19378
9887 , 19381
9887 , 19384
9888 , 19388
9889 , 19392
9889 , 19393
9890 , 19395
9890 , 19397
9890 , 19399
9890 , 19400
9890 , 19399
9886 , 19384
9880 , 19355
9876 , 19335
9876 , 19336
9878 , 19348
9881 , 19359
9883 , 19369
9884 , 19377
9885 , 19381
9885 , 19382
9884 , 19379
9884 , 19378
9885 , 19379
9885 , 19383
9886 , 19387
9887 , 19392
9887 , 19395
9887 , 19397
9888 , 19400
9889 , 19402
9888 , 19403
9888 , 19404
9889 , 19407
9889 , 19408
9887 , 19401
9882 , 19376
9875 , 19345
9874 , 19335
9875 , 19343
9878 , 19356
9880 , 19366
9881 , 19372
9883 , 19378
9883 , 19382
9883 , 19383
9882 , 19382
9882 , 19380
9882 , 19382
9883 , 19385
9884 , 19389
9884 , 19394
9885 , 19397
9885 , 19399
9887 , 19402
9886 , 19402
9887 , 19401
9885 , 19398
9885 , 19399
9886 , 19401
9886 , 19403
9884 , 19397
9877 , 19369
9871 , 19336
9868 , 19325
9869 , 19333
9872 , 19344
9874 , 19351
9875 , 19357
9876 , 19363
9877 , 19367
9877 , 19369
9877 , 19368
9877 , 19369
9877 , 19370
9877 , 19374
9879 , 19379
9879 , 19384
9880 , 19388
9881 , 19391
9881 , 19395
9881 , 19396
9881 , 19397
9882 , 19400
9883 , 19403
9884 , 19405
9883 , 19406
9884 , 19407
9883 , 19409
9883 , 19401
9875 , 19372
9869 , 19341
9867 , 19334
9869 , 19344
9872 , 19356
9873 , 19363
9874 , 19370
9876 , 19377
9876 , 19381
9877 , 19382
9877 , 19383
9877 , 19383
9877 , 19387
9878 , 19391
9878 , 19395
9880 , 19398
9880 , 19401
9881 , 19402
9880 , 19404
9881 , 19406
9882 , 19407
9881 , 19408
9882 , 19410
9882 , 19413
9883 , 19414
9882 , 19412
9878 , 19391
9870 , 19359
9868 , 19346
9869 , 19352
9873 , 19368
9872 , 19375
9873 , 19377
9874 , 19379
9875 , 19383
9874 , 19383
9874 , 19382
9874 , 19383
9875 , 19386
9876 , 19391
9878 , 19397
9879 , 19403
9880 , 19407
9881 , 19412
9882 , 19415
9882 , 19418
9882 , 19420
9883 , 19420
9884 , 19422
9884 , 19424
9883 , 19423
9880 , 19406
9873 , 19375
9869 , 19357
9868 , 19357
9870 , 19367
9872 , 19371
9872 , 19374
9873 , 19379
9875 , 19387
9876 , 19393
9876 , 19392
9876 , 19391
9877 , 19392
9877 , 19395
9878 , 19401
9880 , 19407
9881 , 19410
9882 , 19416
9883 , 19419
9884 , 19422
9883 , 19422
9884 , 19423
9884 , 19429
9885 , 19434
9885 , 19439
9884 , 19437
9880 , 19419
9874 , 19388
9871 , 19374
9872 , 19380
9874 , 19389
9874 , 19391
9874 , 19388
9874 , 19390
9875 , 19395
9876 , 19398
9876 , 19398
9876 , 19400
9877 , 19405
9879 , 19414
9880 , 19421
9882 , 19426
9882 , 19431
9884 , 19434
9882 , 19434
9882 , 19433
9882 , 19433
9881 , 19432
9881 , 19432
9881 , 19432
9880 , 19430
9878 , 19422
9872 , 19393
9865 , 19360
9862 , 19349
9863 , 19351
9863 , 19352
9862 , 19350
9863 , 19351
9864 , 19358
9865 , 19364
9864 , 19363
9864 , 19364
9864 , 19366
9865 , 19370
9866 , 19376
9867 , 19383
9868 , 19386
9869 , 19392
9870 , 19396
9871 , 19399
9872 , 19404
9873 , 19407
9874 , 19413
9876 , 19418
9876 , 19420
9872 , 19404
9865 , 19370
9859 , 19344
9858 , 19342
9860 , 19351
9861 , 19358
9862 , 19357
9863 , 19362
9865 , 19370
9865 , 19375
9865 , 19375
9865 , 19373
9865 , 19377
9867 , 19381
9868 , 19388
9870 , 19397
9870 , 19400
9870 , 19403
9871 , 19406
9871 , 19408
9872 , 19409
9871 , 19409
9872 , 19410
9872 , 19412
9871 , 19410
9866 , 19380
9857 , 19339
9852 , 19319
9853 , 19321
9853 , 19329
9853 , 19330
9853 , 19331
9855 , 19337
9857 , 19348
9858 , 19355
9859 , 19356
9859 , 19357
9860 , 19361
9861 , 19365
9861 , 19368
9862 , 19373
9863 , 19381
9864 , 19385
9864 , 19387
9865 , 19391
9865 , 19396
9866 , 19401
9867 , 19406
9868 , 19410
9869 , 19415
9870 , 19421
9871 , 19422
9866 , 19406
9857 , 19361
9849 , 19324
9847 , 19318
9849 , 19327
9852 , 19337
9852 , 19337
9852 , 19338
9854 , 19351
9856 , 19365
9858 , 19369
9858 , 19366
9856 , 19360
9854 , 19356
9853 , 19356
9853 , 19358
9854 , 19359
9854 , 19366
9855 , 19371
9856 , 19377
9857 , 19378
9857 , 19382
9857 , 19384
9858 , 19389
9860 , 19393
9861 , 19398
9861 , 19402
9862 , 19407
9863 , 19412
9864 , 19413
9861 , 19404
9853 , 19362
9844 , 19319
9841 , 19310
9843 , 19321
9845 , 19332
9846 , 19336
9846 , 19338
9848 , 19347
9851 , 19360
9851 , 19366
9852 , 19364
9852 , 19364
9852 , 19369
9854 , 19375
9856 , 19384
9857 , 19392
9859 , 19398
9859 , 19403
9860 , 19406
9860 , 19408
9860 , 19411
9862 , 19417
9863 , 19420
9863 , 19423
9863 , 19425
9864 , 19427
9865 , 19430
9866 , 19434
9866 , 19436
9866 , 19437
9864 , 19428
9856 , 19387
9846 , 19343
9842 , 19330
9844 , 19340
9847 , 19353
9848 , 19358
9848 , 19359
9849 , 19367
9851 , 19374
9851 , 19375
9850 , 19373
9851 , 19373
9852 , 19377
9854 , 19389
9856 , 19398
9857 , 19403
9857 , 19407
9859 , 19410
9859 , 19413
9860 , 19415
9860 , 19419
9861 , 19423
9862 , 19427
9863 , 19430
9862 , 19432
9863 , 19434
9864 , 19438
9865 , 19442
9864 , 19438
9856 , 19403
9847 , 19357
9843 , 19340
9844 , 19345
9847 , 19357
9847 , 19362
9847 , 19362
9848 , 19367
9849 , 19376
9849 , 19378
9848 , 19375
9846 , 19369
9844 , 19367
9843 , 19366
9842 , 19366
9842 , 19365
9840 , 19367
9842 , 19370
9842 , 19375
9842 , 19379
9844 , 19383
9844 , 19389
9845 , 19391
9846 , 19393
9846 , 19395
9846 , 19397
9847 , 19401
9848 , 19407
9850 , 19414
9850 , 19414
9844 , 19383
9832 , 19328
9825 , 19294
9826 , 19297
9830 , 19315
9833 , 19331
9835 , 19340
9836 , 19345
9838 , 19356
9840 , 19364
9841 , 19368
9841 , 19370
9841 , 19370
9842 , 19375
9844 , 19381
9845 , 19389
9847 , 19397
9848 , 19404
9850 , 19411
9851 , 19415
9851 , 19418
9852 , 19422
9854 , 19425
9854 , 19429
9854 , 19432
9855 , 19436
9857 , 19440
9858 , 19445
9858 , 19450
9858 , 19452
9854 , 19434
9844 , 19383
9837 , 19345
9835 , 19340
9839 , 19355
9842 , 19369
9844 , 19376
9845 , 19382
9846 , 19391
9848 , 19397
9848 , 19398
9849 , 19396
9847 , 19395
9848 , 19399
9849 , 19408
9851 , 19416
9853 , 19421
9854 , 19425
9854 , 19429
9853 , 19431
9855 , 19434
9855 , 19437
9855 , 19440
9855 , 19441
9855 , 19444
9856 , 19446
9857 , 19450
9858 , 19455
9858 , 19455
9853 , 19430
9842 , 19381
9835 , 19349
9835 , 19347
9837 , 19361
9841 , 19372
9843 , 19377
9843 , 19382
9845 , 19391
9845 , 19396
9845 , 19398
9845 , 19396
9845 , 19397
9845 , 19400
9846 , 19406
9848 , 19413
9849 , 19420
9850 , 19426
9852 , 19430
9851 , 19433
9852 , 19436
9852 , 19440
9853 , 19441
9854 , 19443
9854 , 19447
9855 , 19450
9856 , 19453
9856 , 19456
9856 , 19459
9857 , 19461
9857 , 19461
9856 , 19460
9850 , 19429
9839 , 19378
9833 , 19350
9834 , 19352
9836 , 19367
9838 , 19379
9839 , 19383
9839 , 19383
9841 , 19390
9842 , 19396
9842 , 19397
9841 , 19394
9841 , 19394
9842 , 19399
9843 , 19406
9844 , 19415
9846 , 19423
9847 , 19428
9848 , 19430
9848 , 19433
9848 , 19436
9849 , 19438
9849 , 19441
9850 , 19444
9850 , 19446
9851 , 19451
9852 , 19453
9852 , 19458
9854 , 19461
9854 , 19465
9854 , 19465
9854 , 19466
9855 , 19468
9855 , 19471
9855 , 19471
9849 , 19448
9839 , 19399
9832 , 19366
9833 , 19364
9834 , 19377
9838 , 19394
9839 , 19400
9840 , 19401
9841 , 19405
9840 , 19407
9840 , 19406
9840 , 19406
9840 , 19406
9840 , 19408
9841 , 19412
9843 , 19418
9845 , 19426
9845 , 19434
9846 , 19436
9847 , 19437
9846 , 19439
9846 , 19439
9846 , 19439
9846 , 19440
9846 , 19441
9847 , 19443
9848 , 19446
9849 , 19449
9848 , 19451
9849 , 19454
9849 , 19456
9850 , 19458
9850 , 19462
9850 , 19457
9841 , 19423
9833 , 19380
9828 , 19358
9828 , 19363
9832 , 19375
9833 , 19384
9834 , 19386
9835 , 19390
9836 , 19397
9837 , 19399
9837 , 19400
9837 , 19401
9839 , 19407
9839 , 19412
9842 , 19422
9843 , 19432
9844 , 19436
9845 , 19439
9846 , 19444
9847 , 19448
9848 , 19450
9848 , 19454
9849 , 19458
9850 , 19461
9851 , 19464
9852 , 19469
9852 , 19473
9853 , 19476
9853 , 19479
9854 , 19481
9855 , 19484
9855 , 19486
9852 , 19471
9842 , 19427
9833 , 19386
9831 , 19372
9833 , 19381
9835 , 19393
9837 , 19399
9837 , 19400
9837 , 19404
9839 , 19410
9839 , 19412
9838 , 19411
9839 , 19409
9839 , 19410
9840 , 19416
9840 , 19421
9842 , 19430
9843 , 19434
9843 , 19437
9844 , 19438
9844 , 19440
9845 , 19444
9846 , 19445
9847 , 19449
9847 , 19454
9848 , 19457
9849 , 19462
9850 , 19464
9851 , 19468
9851 , 19472
9852 , 19476
9853 , 19481
9853 , 19484
9852 , 19482
9846 , 19448
9835 , 19399
9830 , 19372
9830 , 19372
9833 , 19386
9835 , 19396
9835 , 19399
9835 , 19401
9837 , 19408
9837 , 19413
9838 , 19412
9837 , 19411
9838 , 19413
9839 , 19418
9841 , 19423
9841 , 19429
9842 , 19438
9844 , 19444
9845 , 19446
9845 , 19449
9845 , 19452
9845 , 19455
9846 , 19458
9846 , 19460
9847 , 19465
9848 , 19469
9849 , 19472
9849 , 19475
9850 , 19478
9850 , 19482
9851 , 19486
9853 , 19490
9852 , 19489
9846 , 19464
9837 , 19418
9831 , 19383
9829 , 19377
9831 , 19388
9833 , 19402
9835 , 19409
9835 , 19413
9837 , 19420
9837 , 19423
9837 , 19421
9836 , 19419
9836 , 19419
9835 , 19421
9837 , 19426
9838 , 19432
9839 , 19438
9840 , 19443
9840 , 19447
9840 , 19448
9841 , 19451
9840 , 19453
9841 , 19456
9842 , 19457
9842 , 19460
9842 , 19463
9844 , 19468
9844 , 19471
9845 , 19475
9845 , 19479
9845 , 19482
9846 , 19480
9839 , 19451
9830 , 19403
9824 , 19374
9824 , 19374
9826 , 19386
9828 , 19394
9828 , 19397
9828 , 19398
9829 , 19404
9830 , 19410
9831 , 19410
9829 , 19408
9830 , 19408
9829 , 19412
9831 , 19419
9833 , 19426
9834 , 19431
9835 , 19437
9835 , 19439
9836 , 19441
9836 , 19443
9836 , 19444
9836 , 19446
9837 , 19449
9838 , 19451
9838 , 19456
9839 , 19459
9840 , 19461
9840 , 19464
9841 , 19468
9842 , 19473
9842 , 19475
9840 , 19467
9833 , 19428
9823 , 19381
9819 , 19360
9819 , 19363
9822 , 19372
9823 , 19378
9823 , 19374
9823 , 19378
9825 , 19388
9826 , 19393
9827 , 19397
9826 , 19398
9828 , 19400
9829 , 19405
9829 , 19413
9832 , 19423
9834 , 19430
9835 , 19435
9835 , 19438
9836 , 19442
9836 , 19445
9837 , 19449
9838 , 19453
9838 , 19458
9839 , 19462
9840 , 19465
9842 , 19468
9842 , 19471
9843 , 19477
9844 , 19480
9843 , 19479
9838 , 19453
9828 , 19405
9821 , 19368
9819 , 19362
9821 , 19374
9823 , 19383
9823 , 19384
9824 , 19386
9826 , 19397
9828 , 19404
9828 , 19407
9827 , 19408
9828 , 19410
9829 , 19417
9831 , 19426
9832 , 19436
9834 , 19444
9835 , 19452
9836 , 19458
9836 , 19463
9837 , 19465
9838 , 19471
9838 , 19475
9839 , 19480
9839 , 19485
9840 , 19487
9840 , 19490
9841 , 19494
9843 , 19498
9844 , 19502
9844 , 19505
9843 , 19505
9838 , 19475
9827 , 19425
9820 , 19393
9819 , 19391
9822 , 19606
9789 , 19606
9789 , 19608
9789 , 19609
9790 , 19613
9790 , 19616
9791 , 19618
9791 , 19619
9790 , 19620
9791 , 19622
9791 , 19624
9791 , 19626
9791 , 19627
9792 , 19628
9792 , 19631
9792 , 19632
9792 , 19633
9793 , 19636
9793 , 19638
9793 , 19640
9793 , 19641
9794 , 19643
9794 , 19645
9795 , 19646
9793 , 19631
9788 , 19607
9787 , 19592
9786 , 19589
9787 , 19595
9788 , 19601
9788 , 19603
9789 , 19604
9789 , 19606
9789 , 19608
9789 , 19608
9789 , 19608
9790 , 19609
9790 , 19612
9790 , 19615
9791 , 19620
9792 , 19623
9792 , 19624
9793 , 19627
9793 , 19628
9793 , 19629
9794 , 19631
9794 , 19632
9794 , 19633
9794 , 19636
9795 , 19638
9795 , 19640
9794 , 19640
9794 , 19642
9795 , 19644
9795 , 19645
9796 , 19646
9796 , 19648
9796 , 19649
9797 , 19651
9796 , 19650
9794 , 19633
9789 , 19610
9787 , 19596
9787 , 19595
9788 , 19603
9790 , 19608
9790 , 19608
9789 , 19609
9789 , 19612
9790 , 19613
9791 , 19614
9790 , 19613
9790 , 19614
9791 , 19617
9792 , 19620
9792 , 19624
9793 , 19627
9793 , 19629
9794 , 19632
9793 , 19633
9794 , 19634
9794 , 19636
9795 , 19638
9795 , 19641
9795 , 19643
9795 , 19645
9796 , 19646
9797 , 19649
9796 , 19651
9797 , 19651
9797 , 19653
9797 , 19655
9798 , 19657
9798 , 19659
9797 , 19657
9796 , 19641
9791 , 19619
9790 , 19605
9789 , 19604
9790 , 19610
9791 , 19616
9792 , 19619
9792 , 19619
9792 , 19621
9792 , 19622
9792 , 19623
9792 , 19622
9793 , 19623
9793 , 19626
9794 , 19629
9794 , 19632
9794 , 19635
9794 , 19638
9795 , 19639
9795 , 19640
9795 , 19642
9796 , 19643
9796 , 19645
9796 , 19648
9797 , 19650
9797 , 19652
9797 , 19654
9798 , 19656
9799 , 19659
9798 , 19661
9800 , 19662
9799 , 19664
9799 , 19665
9800 , 19667
9799 , 19669
9799 , 19660
9796 , 19639
9792 , 19619
9791 , 19610
9790 , 19611
9792 , 19619
9792 , 19623
9793 , 19623
9793 , 19624
9793 , 19626
9793 , 19627
9793 , 19627
9793 , 19628
9794 , 19630
9794 , 19634
9794 , 19638
9796 , 19641
9797 , 19645
9797 , 19647
9797 , 19649
9797 , 19649
9798 , 19651
9799 , 19652
9798 , 19654
9798 , 19655
9799 , 19656
9798 , 19659
9799 , 19661
9799 , 19663
9800 , 19666
9800 , 19666
9801 , 19668
9801 , 19671
9801 , 19673
9802 , 19671
9799 , 19656
9795 , 19632
9792 , 19618
9792 , 19615
9793 , 19619
9794 , 19624
9795 , 19626
9794 , 19627
9795 , 19627
9795 , 19630
9794 , 19630
9795 , 19630
9795 , 19631
9795 , 19634
9795 , 19637
9796 , 19641
9797 , 19643
9798 , 19646
9798 , 19649
9799 , 19651
9798 , 19652
9798 , 19653
9798 , 19655
9799 , 19656
9800 , 19659
9800 , 19661
9800 , 19663
9800 , 19664
9801 , 19666
9801 , 19668
9802 , 19670
9802 , 19671
9801 , 19663
9796 , 19641
9793 , 19621
9792 , 19615
9792 , 19618
9793 , 19625
9793 , 19627
9794 , 19625
9794 , 19628
9795 , 19629
9795 , 19631
9794 , 19631
9795 , 19632
9795 , 19634
9796 , 19636
9796 , 19639
9797 , 19643
9797 , 19645
9798 , 19647
9797 , 19650
9798 , 19652
9799 , 19653
9799 , 19655
9800 , 19658
9800 , 19659
9801 , 19661
9801 , 19663
9801 , 19666
9802 , 19668
9802 , 19668
9800 , 19654
9796 , 19633
9793 , 19617
9792 , 19614
9793 , 19619
9793 , 19623
9795 , 19623
9793 , 19624
9795 , 19626
9795 , 19628
9795 , 19626
9794 , 19627
9794 , 19629
9795 , 19632
9796 , 19635
9796 , 19638
9798 , 19642
9798 , 19644
9799 , 19646
9799 , 19648
9798 , 19649
9799 , 19652
9800 , 19652
9800 , 19655
9800 , 19657
9801 , 19659
9801 , 19661
9802 , 19664
9802 , 19665
9802 , 19666
9800 , 19657
9796 , 19636
9793 , 19615
9791 , 19609
9792 , 19613
9793 , 19619
9793 , 19619
9793 , 19617
9793 , 19620
9794 , 19624
9794 , 19626
9796 , 19626
9794 , 19626
9795 , 19628
9796 , 19631
9796 , 19634
9797 , 19637
9798 , 19641
9798 , 19643
9799 , 19647
9799 , 19650
9800 , 19651
9800 , 19655
9800 , 19655
9801 , 19656
9801 , 19659
9801 , 19662
9801 , 19663
9801 , 19665
9802 , 19666
9803 , 19669
9803 , 19671
9804 , 19673
9803 , 19668
9799 , 19647
9795 , 19624
9793 , 19613
9792 , 19615
9794 , 19621
9794 , 19624
9794 , 19623
9794 , 19623
9794 , 19627
9796 , 19629
9796 , 19629
9795 , 19629
9795 , 19630
9796 , 19633
9797 , 19637
9797 , 19640
9797 , 19642
9798 , 19645
9798 , 19646
9798 , 19647
9798 , 19650
9799 , 19653
9800 , 19656
9801 , 19658
9801 , 19660
9801 , 19663
9802 , 19666
9802 , 19668
9802 , 19670
9803 , 19672
9803 , 19674
9804 , 19676
9804 , 19675
9800 , 19657
9797 , 19634
9794 , 19619
9794 , 19620
9795 , 19624
9795 , 19628
9795 , 19627
9795 , 19628
9796 , 19629
9796 , 19632
9796 , 19632
9796 , 19633
9796 , 19634
9797 , 19637
9797 , 19641
9798 , 19646
9800 , 19649
9800 , 19650
9800 , 19653
9800 , 19654
9800 , 19656
9801 , 19659
9801 , 19661
9801 , 19662
9802 , 19665
9802 , 19669
9803 , 19671
9803 , 19673
9803 , 19675
9804 , 19679
9804 , 19681
9804 , 19681
9803 , 19673
9799 , 19651
9796 , 19632
9795 , 19626
9796 , 19631
9797 , 19636
9797 , 19638
9796 , 19638
9798 , 19639
9799 , 19643
9799 , 19644
9798 , 19645
9798 , 19645
9799 , 19648
9800 , 19651
9800 , 19654
9800 , 19658
9801 , 19661
9801 , 19663
9802 , 19665
9802 , 19667
9803 , 19670
9803 , 19671
9803 , 19674
9804 , 19676
9805 , 19680
9805 , 19683
9806 , 19686
9806 , 19688
9806 , 19684
9803 , 19666
9799 , 19646
9797 , 19636
9797 , 19636
9798 , 19642
9799 , 19646
9799 , 19647
9800 , 19650
9801 , 19651
9801 , 19653
9800 , 19651
9801 , 19652
9800 , 19654
9802 , 19658
9803 , 19661
9803 , 19665
9804 , 19667
9805 , 19671
9804 , 19672
9804 , 19672
9804 , 19674
9804 , 19676
9805 , 19678
9805 , 19680
9806 , 19682
9805 , 19682
9803 , 19669
9799 , 19649
9796 , 19633
9795 , 19630
9797 , 19634
9796 , 19636
9797 , 19637
9796 , 19637
9796 , 19639
9797 , 19640
9796 , 19640
9796 , 19639
9796 , 19641
9797 , 19642
9798 , 19646
9798 , 19648
9798 , 19653
9799 , 19655
9799 , 19656
9799 , 19657
9799 , 19660
9800 , 19661
9800 , 19664
9800 , 19666
9800 , 19666
9800 , 19659
9795 , 19640
9791 , 19620
9790 , 19613
9790 , 19616
9792 , 19620
9791 , 19620
9791 , 19620
9792 , 19624
9792 , 19629
9793 , 19629
9793 , 19628
9793 , 19629
9794 , 19632
9794 , 19634
9795 , 19638
9795 , 19642
9796 , 19645
9796 , 19647
9796 , 19649
9797 , 19650
9796 , 19653
9796 , 19654
9798 , 19656
9797 , 19658
9798 , 19661
9799 , 19665
9800 , 19666
9797 , 19655
9793 , 19632
9789 , 19611
9788 , 19605
9788 , 19607
9788 , 19611
9788 , 19611
9788 , 19608
9788 , 19611
9789 , 19616
9790 , 19618
9790 , 19619
9789 , 19620
9790 , 19622
9790 , 19626
9791 , 19630
9792 , 19632
9793 , 19636
9793 , 19638
9794 , 19640
9794 , 19643
9794 , 19646
9795 , 19649
9796 , 19652
9797 , 19656
9798 , 19658
9798 , 19661
9798 , 19665
9799 , 19668
9800 , 19670
9798 , 19665
9795 , 19643
9790 , 19618
9788 , 19608
9788 , 19610
9789 , 19616
9789 , 19616
9789 , 19613
9788 , 19614
9790 , 19620
9790 , 19624
9791 , 19623
9789 , 19624
9790 , 19625
9790 , 19629
9791 , 19631
9792 , 19636
9793 , 19639
9794 , 19643
9794 , 19644
9794 , 19645
9794 , 19647
9795 , 19649
9795 , 19651
9796 , 19653
9796 , 19657
9797 , 19658
9796 , 19661
9797 , 19661
9795 , 19651
9791 , 19628
9786 , 19609
9786 , 19602
9786 , 19606
9786 , 19610
9787 , 19611
9786 , 19612
9787 , 19617
9788 , 19619
9787 , 19618
9788 , 19618
9787 , 19619
9788 , 19622
9788 , 19626
9790 , 19631
9790 , 19634
9791 , 19637
9791 , 19640
9791 , 19642
9791 , 19643
9792 , 19644
9792 , 19647
9793 , 19650
9793 , 19654
9794 , 19658
9795 , 19659
9792 , 19646
9787 , 19622
9783 , 19604
9782 , 19601
9783 , 19604
9784 , 19608
9784 , 19608
9783 , 19609
9784 , 19613
9785 , 19616
9785 , 19617
9785 , 19618
9786 , 19619
9786 , 19624
9787 , 19627
9788 , 19631
9789 , 19634
9789 , 19637
9790 , 19639
9790 , 19641
9791 , 19642
9791 , 19645
9791 , 19647
9791 , 19648
9792 , 19651
9793 , 19656
9793 , 19660
9793 , 19657
9790 , 19639
9785 , 19613
9781 , 19598
9781 , 19598
9781 , 19604
9782 , 19608
9782 , 19607
9782 , 19609
9783 , 19614
9784 , 19615
9783 , 19616
9784 , 19616
9785 , 19619
9786 , 19622
9786 , 19626
9787 , 19631
9788 , 19635
9789 , 19640
9789 , 19643
9790 , 19646
9790 , 19648
9790 , 19650
9790 , 19651
9791 , 19654
9792 , 19656
9793 , 19660
9793 , 19664
9794 , 19668
9794 , 19669
9791 , 19652
9785 , 19624
9780 , 19606
9780 , 19605
9781 , 19611
9783 , 19616
9782 , 19616
9782 , 19618
9784 , 19622
9784 , 19625
9784 , 19625
9783 , 19624
9785 , 19626
9785 , 19631
9787 , 19635
9787 , 19640
9788 , 19644
9789 , 19646
9789 , 19648
9790 , 19650
9789 , 19652
9791 , 19655
9791 , 19658
9791 , 19661
9792 , 19664
9793 , 19667
9792 , 19658
9786 , 19635
9781 , 19614
9779 , 19606
9779 , 19609
9781 , 19615
9781 , 19617
9781 , 19618
9782 , 19623
9783 , 19625
9783 , 19626
9784 , 19624
9784 , 19626
9784 , 19627
9785 , 19633
9786 , 19638
9787 , 19644
9788 , 19647
9789 , 19651
9789 , 19652
9789 , 19654
9789 , 19657
9790 , 19660
9791 , 19663
9791 , 19666
9792 , 19665
9788 , 19647
9782 , 19622
9778 , 19606
9778 , 19605
9779 , 19609
9781 , 19612
9780 , 19612
9779 , 19614
9780 , 19619
9781 , 19621
9781 , 19623
9781 , 19623
9782 , 19626
9783 , 19629
9783 , 19633
9784 , 19637
9785 , 19642
9786 , 19646
9787 , 19649
9787 , 19652
9788 , 19654
9788 , 19654
9788 , 19657
9789 , 19661
9791 , 19665
9791 , 19666
9788 , 19650
9781 , 19623
9777 , 19605
9776 , 19602
9778 , 19608
9779 , 19611
9777 , 19611
9777 , 19612
9779 , 19617
9780 , 19621
9781 , 19622
9781 , 19622
9780 , 19623
9782 , 19626
9783 , 19631
9783 , 19635
9784 , 19640
9785 , 19643
9786 , 19647
9786 , 19649
9786 , 19651
9787 , 19653
9788 , 19656
9788 , 19659
9789 , 19662
9790 , 19666
9790 , 19669
9791 , 19667
9786 , 19646
9779 , 19617
9775 , 19601
9775 , 19601
9776 , 19607
9778 , 19614
9778 , 19614
9779 , 19616
9779 , 19620
9779 , 19621
9780 , 19622
9780 , 19623
9780 , 19625
9781 , 19627
9781 , 19631
9782 , 19634
9784 , 19638
9783 , 19642
9784 , 19644
9785 , 19647
9785 , 19650
9786 , 19651
9786 , 19654
9787 , 19656
9788 , 19661
9790 , 19665
9790 , 19667
9789 , 19661
9782 , 19637
9776 , 19610
9773 , 19598
9774 , 19601
9774 , 19608
9776 , 19611
9777 , 19613
9778 , 19615
9779 , 19619
9778 , 19619
9778 , 19618
9778 , 19618
9778 , 19621
9779 , 19625
9781 , 19630
9781 , 19634
9783 , 19637
9784 , 19641
9784 , 19642
9785 , 19644
9785 , 19646
9785 , 19648
9786 , 19651
9787 , 19656
9789 , 19659
9788 , 19660
9786 , 19648
9780 , 19621
9775 , 19598
9773 , 19591
9775 , 19596
9776 , 19603
9775 , 19606
9777 , 19607
9777 , 19611
9777 , 19611
9777 , 19613
9778 , 19613
9778 , 19614
9779 , 19617
9780 , 19623
9781 , 19627
9782 , 19632
9783 , 19634
9783 , 19637
9784 , 19639
9784 , 19642
9785 , 19643
9785 , 19645
9786 , 19647
9787 , 19651
9788 , 19655
9789 , 19659
9788 , 19654
9784 , 19632
9777 , 19602
9775 , 19588
9774 , 19589
9777 , 19597
9777 , 19601
9777 , 19602
9778 , 19605
9779 , 19609
9780 , 19611
9779 , 19611
9779 , 19612
9780 , 19614
9782 , 19619
9783 , 19625
9784 , 19630
9785 , 19633
9785 , 19635
9787 , 19638
9786 , 19640
9787 , 19642
9788 , 19645
9789 , 19647
9789 , 19650
9789 , 19652
9790 , 19656
9791 , 19661
9792 , 19663
9789 , 19647
9782 , 19615
9777 , 19593
9776 , 19587
9777 , 19594
9779 , 19601
9779 , 19602
9780 , 19604
9781 , 19608
9782 , 19612
9782 , 19613
9781 , 19613
9782 , 19614
9784 , 19618
9784 , 19623
9786 , 19629
9787 , 19633
9787 , 19638
9787 , 19639
9788 , 19641
9789 , 19643
9790 , 19646
9790 , 19649
9791 , 19651
9791 , 19655
9792 , 19659
9794 , 19664
9794 , 19665
9791 , 19653
9786 , 19625
9779 , 19597
9778 , 19589
9779 , 19595
9782 , 19602
9782 , 19607
9783 , 19608
9784 , 19614
9784 , 19617
9785 , 19617
9784 , 19617
9785 , 19619
9786 , 19623
9787 , 19628
9788 , 19633
9789 , 19636
9790 , 19639
9790 , 19642
9791 , 19644
9791 , 19645
9791 , 19646
9792 , 19648
9793 , 19651
9793 , 19654
9794 , 19659
9795 , 19662
9796 , 19664
9793 , 19653
9788 , 19624
9782 , 19597
9780 , 19587
9781 , 19592
9783 , 19600
9784 , 19604
9784 , 19606
9785 , 19612
9786 , 19615
9786 , 19614
9787 , 19616
9787 , 19616
9787 , 19619
9788 , 19626
9790 , 19632
9791 , 19636
9791 , 19640
9792 , 19641
9792 , 19642
9793 , 19644
9793 , 19647
9794 , 19650
9795 , 19652
9796 , 19657
9796 , 19661
9797 , 19667
9799 , 19667
9795 , 19652
9789 , 19618
9784 , 19593
9782 , 19587
9784 , 19593
9785 , 19600
9786 , 19602
9786 , 19604
9786 , 19607
9788 , 19612
9788 , 19611
9788 , 19611
9788 , 19613
9789 , 19618
9790 , 19624
9792 , 19630
9794 , 19635
9793 , 19638
9795 , 19641
9795 , 19644
9796 , 19646
9796 , 19648
9797 , 19650
9797 , 19653
9798 , 19656
9800 , 19661
9801 , 19666
9803 , 19672
9803 , 19676
9803 , 19667
9797 , 19638
9790 , 19606
9787 , 19592
9788 , 19597
9790 , 19605
9791 , 19610
9791 , 19610
9791 , 19613
9792 , 19618
9792 , 19618
9792 , 19618
9793 , 19618
9792 , 19621
9794 , 19628
9796 , 19634
9797 , 19639
9798 , 19643
9799 , 19647
9799 , 19650
9800 , 19653
9800 , 19655
9801 , 19657
9802 , 19662
9803 , 19664
9803 , 19667
9803 , 19671
9805 , 19675
9805 , 19678
9806 , 19682
9806 , 19684
9804 , 19668
9796 , 19632
9791 , 19604
9789 , 19594
9790 , 19600
9792 , 19607
9793 , 19611
9793 , 19612
9794 , 19616
9795 , 19618
9795 , 19619
9795 , 19618
9796 , 19620
9796 , 19624
9797 , 19632
9799 , 19637
9800 , 19642
9800 , 19646
9801 , 19648
9802 , 19652
9802 , 19653
9803 , 19655
9804 , 19658
9805 , 19661
9804 , 19662
9804 , 19662
9804 , 19663
9804 , 19664
9805 , 19666
9806 , 19671
9806 , 19675
9806 , 19674
9803 , 19655
9796 , 19619
9792 , 19599
9792 , 19599
9793 , 19607
9794 , 19614
9795 , 19615
9795 , 19617
9795 , 19620
9796 , 19622
9796 , 19621
9796 , 19622
9796 , 19623
9797 , 19628
9798 , 19635
9799 , 19641
9800 , 19646
9801 , 19649
9801 , 19651
9803 , 19656
9803 , 19658
9803 , 19660
9804 , 19663
9805 , 19668
9805 , 19671
9806 , 19672
9806 , 19674
9807 , 19678
9808 , 19682
9808 , 19686
9807 , 19683
9804 , 19659
9798 , 19625
9792 , 19605
9792 , 19605
9795 , 19616
9796 , 19623
9797 , 19625
9797 , 19626
9798 , 19628
9798 , 19627
9796 , 19624
9796 , 19624
9797 , 19628
9798 , 19634
9800 , 19641
9801 , 19648
9803 , 19653
9803 , 19657
9804 , 19660
9805 , 19662
9806 , 19665
9806 , 19669
9807 , 19673
9807 , 19676
9808 , 19680
9809 , 19684
9809 , 19688
9811 , 19693
9811 , 19697
9813 , 19702
9813 , 19703
9810 , 19682
9802 , 19646
9797 , 19619
9796 , 19613
9797 , 19621
9800 , 19631
9801 , 19635
9801 , 19637
9801 , 19640
9801 , 19640
9801 , 19641
9801 , 19639
9801 , 19640
9802 , 19644
9803 , 19650
9804 , 19654
9805 , 19658
9806 , 19661
9806 , 19663
9807 , 19666
9806 , 19667
9807 , 19669
9807 , 19673
9808 , 19675
9808 , 19676
9808 , 19679
9809 , 19682
9810 , 19686
9810 , 19689
9811 , 19691
9809 , 19679
9802 , 19649
9797 , 19619
9795 , 19610
9796 , 19616
9797 , 19626
9799 , 19630
9799 , 19630
9799 , 19634
9800 , 19637
9801 , 19637
9799 , 19636
9799 , 19637
9800 , 19640
9801 , 19646
9803 , 19651
9804 , 19656
9804 , 19658
9805 , 19663
9806 , 19666
9805 , 19667
9807 , 19670
9807 , 19673
9807 , 19676
9808 , 19678
9809 , 19681
9809 , 19685
9809 , 19686
9810 , 19690
9811 , 19696
9810 , 19691
9805 , 19666
9799 , 19630
9794 , 19610
9794 , 19608
9795 , 19615
9796 , 19620
9796 , 19620
9796 , 19621
9797 , 19625
9797 , 19628
9797 , 19628
9797 , 19627
9797 , 19627
9797 , 19631
9798 , 19636
9799 , 19640
9799 , 19644
9800 , 19647
9801 , 19650
9802 , 19653
9802 , 19654
9802 , 19656
9803 , 19660
9803 , 19662
9803 , 19665
9804 , 19668
9805 , 19671
9805 , 19675
9806 , 19678
9806 , 19680
9806 , 19675
9801 , 19649
9794 , 19615
9791 , 19598
9790 , 19597
9791 , 19603
9792 , 19607
9792 , 19607
9792 , 19609
9793 , 19614
9793 , 19615
9793 , 19616
9794 , 19615
9794 , 19617
9795 , 19622
9796 , 19627
9796 , 19633
9798 , 19637
9798 , 19640
9798 , 19644
9800 , 19646
9800 , 19648
9800 , 19651
9801 , 19653
9801 , 19656
9801 , 19661
9803 , 19664
9803 , 19668
9804 , 19673
9805 , 19676
9804 , 19671
9798 , 19644
9793 , 19612
9789 , 19596
9789 , 19597
9791 , 19605
9792 , 19610
9792 , 19611
9793 , 19615
9793 , 19618
9793 , 19619
9792 , 19618
9793 , 19619
9793 , 19622
9794 , 19627
9796 , 19632
9796 , 19637
9797 , 19641
9798 , 19645
9798 , 19647
9799 , 19650
9800 , 19651
9800 , 19653
9800 , 19655
9801 , 19658
9801 , 19662
9802 , 19665
9803 , 19669
9802 , 19668
9799 , 19652
9794 , 19623
9789 , 19600
9788 , 19594
9789 , 19599
9790 , 19603
9790 , 19605
9790 , 19609
9791 , 19613
9791 , 19615
9791 , 19614
9791 , 19613
9791 , 19616
9792 , 19620
9793 , 19628
9794 , 19631
9795 , 19635
9796 , 19639
9797 , 19640
9797 , 19642
9796 , 19645
9798 , 19647
9798 , 19649
9798 , 19652
9799 , 19654
9800 , 19658
9801 , 19661
9800 , 19655
9794 , 19629
9789 , 19597
9785 , 19582
9786 , 19584
9786 , 19590
9787 , 19592
9786 , 19591
9786 , 19594
9787 , 19598
9788 , 19602
9788 , 19602
9788 , 19604
9788 , 19605
9789 , 19610
9791 , 19617
9792 , 19621
9793 , 19626
9794 , 19628
9794 , 19631
9794 , 19633
9795 , 19634
9796 , 19637
9796 , 19638
9796 , 19641
9797 , 19644
9798 , 19649
9798 , 19653
9799 , 19655
9796 , 19641
9789 , 19610
9784 , 19583
9782 , 19574
9783 , 19577
9784 , 19582
9783 , 19582
9784 , 19581
9785 , 19586
9786 , 19592
9786 , 19595
9787 , 19596
9787 , 19598
9788 , 19602
9789 , 19607
9790 , 19613
9791 , 19619
9792 , 19624
9793 , 19628
9793 , 19630
9794 , 19633
9794 , 19635
9795 , 19638
9797 , 19642
9797 , 19646
9798 , 19649
9798 , 19652
9799 , 19654
9799 , 19658
9800 , 19662
9801 , 19664
9799 , 19656
9793 , 19627
9787 , 19593
9783 , 19577
9783 , 19578
9785 , 19585
9786 , 19589
9784 , 19587
9787 , 19592
9788 , 19599
9788 , 19601
9788 , 19600
9789 , 19602
9790 , 19605
9790 , 19611
9792 , 19618
9792 , 19623
9794 , 19628
9795 , 19631
9795 , 19633
9795 , 19634
9796 , 19636
9795 , 19639
9796 , 19640
9797 , 19642
9797 , 19646
9798 , 19651
9800 , 19654
9800 , 19656
9798 , 19646
9791 , 19616
9785 , 19588
9782 , 19577
9783 , 19579
9784 , 19585
9785 , 19587
9785 , 19589
9786 , 19593
9787 , 19598
9787 , 19597
9786 , 19597
9786 , 19598
9787 , 19602
9788 , 19607
9789 , 19614
9790 , 19621
9792 , 19625
9793 , 19628
9792 , 19631
9793 , 19633
9793 , 19637
9794 , 19638
9795 , 19642
9795 , 19648
9797 , 19653
9798 , 19658
9797 , 19655
9793 , 19635
9786 , 19601
9781 , 19580
9779 , 19575
9781 , 19581
9782 , 19585
9782 , 19584
9782 , 19586
9784 , 19593
9785 , 19598
9785 , 19600
9786 , 19602
9786 , 19604
9786 , 19607
9788 , 19614
9789 , 19620
9790 , 19626
9791 , 19629
9792 , 19632
9793 , 19635
9793 , 19639
9794 , 19642
9795 , 19645
9795 , 19648
9797 , 19652
9797 , 19657
9798 , 19661
9799 , 19666
9798 , 19661
9792 , 19635
9784 , 19598
9782 , 19578
9780 , 19577
9781 , 19583
9782 , 19586
9783 , 19586
9783 , 19589
9784 , 19595
9785 , 19599
9786 , 19601
9786 , 19602
9786 , 19604
9788 , 19608
9789 , 19614
9790 , 19620
9791 , 19623
9791 , 19627
9793 , 19632
9793 , 19636
9795 , 19639
9795 , 19642
9795 , 19645
9796 , 19647
9797 , 19652
9797 , 19654
9799 , 19658
9800 , 19662
9799 , 19663
9798 , 19654
9791 , 19620
9784 , 19590
9782 , 19575
9782 , 19578
9783 , 19585
9783 , 19588
9784 , 19589
9785 , 19593
9786 , 19597
9786 , 19598
9786 , 19598
9785 , 19597
9786 , 19599
9786 , 19605
9789 , 19612
9790 , 19618
9791 , 19623
9792 , 19626
9792 , 19630
9792 , 19631
9793 , 19634
9793 , 19637
9794 , 19639
9793 , 19643
9795 , 19648
9796 , 19652
9796 , 19651
9792 , 19631
9784 , 19596
9779 , 19572
9777 , 19566
9777 , 19571
9779 , 19577
9780 , 19580
9780 , 19582
9782 , 19587
9782 , 19592
9783 , 19592
9782 , 19592
9782 , 19594
9783 , 19598
9784 , 19605
9787 , 19612
9788 , 19618
9788 , 19621
9788 , 19625
9789 , 19629
9790 , 19632
9791 , 19636
9792 , 19639
9792 , 19642
9793 , 19646
9794 , 19652
9796 , 19656
9796 , 19659
9793 , 19645
9786 , 19608
9779 , 19576
9776 , 19566
9777 , 19568
9778 , 19575
9778 , 19575
9778 , 19575
9780 , 19580
9781 , 19586
9781 , 19588
9781 , 19590
9781 , 19590
9782 , 19592
9784 , 19598
9784 , 19604
9786 , 19611
9787 , 19616
9787 , 19620
9789 , 19624
9790 , 19628
9790 , 19630
9791 , 19633
9791 , 19636
9792 , 19640
9794 , 19645
9795 , 19650
9795 , 19653
9794 , 19647
9788 , 19617
9781 , 19581
9776 , 19560
9775 , 19560
9777 , 19566
9778 , 19570
9778 , 19571
9778 , 19575
9780 , 19580
9780 , 19585
9781 , 19587
9782 , 19588
9782 , 19591
9783 , 19596
9785 , 19603
9787 , 19611
9787 , 19614
9789 , 19619
9790 , 19622
9790 , 19625
9790 , 19628
9790 , 19630
9790 , 19633
9791 , 19636
9792 , 19641
9794 , 19645
9795 , 19650
9795 , 19652
9793 , 19638
9786 , 19602
9779 , 19572
9776 , 19561
9777 , 19564
9778 , 19571
9779 , 19575
9780 , 19577
9781 , 19584
9782 , 19587
9782 , 19588
9781 , 19587
9782 , 19588
9783 , 19592
9784 , 19598
9785 , 19605
9787 , 19610
9787 , 19615
9788 , 19618
9788 , 19620
9789 , 19621
9789 , 19623
9789 , 19626
9790 , 19630
9791 , 19635
9792 , 19640
9793 , 19642
9790 , 19630
9783 , 19598
9777 , 19567
9774 , 19554
9774 , 19555
9775 , 19563
9777 , 19567
9777 , 19570
9778 , 19576
9780 , 19581
9780 , 19583
9780 , 19582
9780 , 19582
9780 , 19586
9782 , 19592
9784 , 19599
9784 , 19605
9786 , 19610
9786 , 19614
9787 , 19616
9788 , 19619
9788 , 19621
9789 , 19625
9791 , 19630
9792 , 19635
9792 , 19639
9793 , 19641
9789 , 19625
9782 , 19587
9775 , 19553
9771 , 19534
9770 , 19534
9771 , 19539
9771 , 19540
9771 , 19540
9772 , 19546
9773 , 19553
9774 , 19556
9774 , 19557
9774 , 19559
9776 , 19564
9777 , 19570
9778 , 19577
9779 , 19583
9780 , 19588
9781 , 19592
9782 , 19597
9783 , 19600
9783 , 19603
9784 , 19606
9785 , 19610
9786 , 19613
9787 , 19618
9788 , 19622
9789 , 19628
9790 , 19632
9788 , 19624
9782 , 19589
9772 , 19545
9765 , 19517
9764 , 19511
9765 , 19517
9766 , 19521
9766 , 19520
9766 , 19524
9768 , 19530
9769 , 19535
9769 , 19536
9769 , 19537
9769 , 19541
9771 , 19547
9772 , 19555
9774 , 19561
9776 , 19567
9775 , 19572
9776 , 19576
9778 , 19580
9778 , 19584
9779 , 19590
9780 , 19593
9780 , 19595
9782 , 19600
9783 , 19604
9784 , 19609
9785 , 19614
9786 , 19619
9785 , 19613
9779 , 19583
9771 , 19541
9763 , 19511
9761 , 19503
9763 , 19511
9764 , 19517
9765 , 19520
9766 , 19525
9767 , 19532
9768 , 19535
9768 , 19535
9767 , 19535
9768 , 19541
9770 , 19549
9772 , 19556
9773 , 19562
9773 , 19568
9775 , 19573
9776 , 19576
9777 , 19578
9777 , 19580
9777 , 19584
9778 , 19587
9779 , 19593
9780 , 19597
9781 , 19603
9782 , 19607
9782 , 19605
9776 , 19577
9767 , 19535
9761 , 19501
9759 , 19494
9760 , 19501
9761 , 19505
9762 , 19506
9762 , 19511
9764 , 19520
9765 , 19523
9765 , 19522
9766 , 19523
9766 , 19525
9767 , 19532
9768 , 19539
9770 , 19546
9771 , 19552
9772 , 19557
9773 , 19559
9774 , 19563
9774 , 19567
9775 , 19569
9776 , 19573
9776 , 19575
9776 , 19579
9778 , 19584
9779 , 19590
9780 , 19594
9780 , 19593
9774 , 19563
9763 , 19512
9755 , 19471
9751 , 19459
9752 , 19463
9754 , 19467
9753 , 19466
9753 , 19470
9755 , 19478
9756 , 19485
9758 , 19487
9758 , 19488
9758 , 19490
9760 , 19497
9762 , 19507
9763 , 19517
9765 , 19523
9766 , 19526
9767 , 19531
9768 , 19535
9769 , 19541
9770 , 19544
9771 , 19549
9771 , 19553
9773 , 19556
9774 , 19562
9775 , 19567
9776 , 19572
9776 , 19574
9773 , 19558
9763 , 19508
9752 , 19455
9744 , 19426
9742 , 19422
9743 , 19428
9743 , 19429
9743 , 19429
9745 , 19438
9747 , 19448
9749 , 19450
9749 , 19452
9750 , 19454
9750 , 19459
9752 , 19469
9755 , 19479
9756 , 19489
9759 , 19497
9760 , 19503
9761 , 19508
9762 , 19513
9763 , 19518
9765 , 19523
9765 , 19527
9767 , 19531
9768 , 19537
9770 , 19545
9771 , 19551
9772 , 19556
9773 , 19559
9769 , 19540
9759 , 19489
9747 , 19434
9739 , 19408
9740 , 19411
9742 , 19421
9743 , 19425
9744 , 19428
9746 , 19437
9748 , 19446
9749 , 19447
9749 , 19447
9749 , 19449
9750 , 19454
9753 , 19463
9755 , 19474
9757 , 19483
9759 , 19490
9759 , 19497
9760 , 19501
9762 , 19506
9763 , 19510
9763 , 19514
9765 , 19519
9766 , 19524
9767 , 19531
9768 , 19536
9767 , 19533
9761 , 19499
9748 , 19442
9737 , 19397
9734 , 19387
9736 , 19395
9738 , 19402
9738 , 19405
9740 , 19413
9742 , 19425
9744 , 19430
9744 , 19429
9744 , 19429
9745 , 19434
9747 , 19443
9750 , 19454
9752 , 19466
9753 , 19476
9755 , 19481
9757 , 19486
9758 , 19490
9758 , 19494
9759 , 19499
9760 , 19505
9761 , 19512
9763 , 19518
9764 , 19522
9762 , 19512
9752 , 19464
9738 , 19402
9727 , 19362
9726 , 19357
9727 , 19364
9728 , 19365
9728 , 19366
9730 , 19377
9734 , 19390
9735 , 19395
9736 , 19394
9736 , 19396
9737 , 19401
9738 , 19410
9741 , 19418
9743 , 19427
9745 , 19436
9746 , 19444
9748 , 19450
9749 , 19455
9750 , 19460
9751 , 19466
9753 , 19470
9754 , 19477
9756 , 19485
9760 , 19496
9761 , 19496
9754 , 19463
9739 , 19396
9722 , 19329
9716 , 19304
9717 , 19308
9718 , 19314
9717 , 19311
9718 , 19317
9723 , 19337
9727 , 19351
9728 , 19356
9728 , 19355
9729 , 19359
9731 , 19370
9735 , 19381
9736 , 19392
9739 , 19403
9741 , 19410
9743 , 19416
9744 , 19421
9745 , 19424
9746 , 19428
9747 , 19434
9749 , 19441
9751 , 19449
9751 , 19455
9753 , 19458
9746 , 19427
9730 , 19355
9712 , 19280
9705 , 19255
9706 , 19258
9707 , 19265
9707 , 19264
9709 , 19274
9713 , 19292
9716 , 19305
9716 , 19305
9716 , 19303
9716 , 19306
9719 , 19319
9723 , 19336
9726 , 19348
9728 , 19356
9730 , 19365
9731 , 19369
9731 , 19373
9732 , 19376
9734 , 19383
9736 , 19391
9738 , 19399
9739 , 19405
9739 , 19403
9731 , 19363
9709 , 19275
9692 , 19203
9687 , 19180
9687 , 19183
9687 , 19184
9687 , 19182
9689 , 19200
9696 , 19232
9700 , 19251
9700 , 19250
9699 , 19250
9702 , 19259
9706 , 19276
9709 , 19295
9712 , 19308
9716 , 19319
9717 , 19326
9719 , 19333
9720 , 19339
9722 , 19344
9723 , 19351
9725 , 19361
9728 , 19372
9729 , 19380
9729 , 19380
9722 , 19341
9700 , 19243
9679 , 19158
9672 , 19133
9672 , 19133
9672 , 19132
9670 , 19125
9672 , 19137
9678 , 19165
9683 , 19190
9686 , 19198
9685 , 19197
9685 , 19200
9688 , 19213
9691 , 19230
9695 , 19246
9699 , 19261
9702 , 19272
9704 , 19282
9706 , 19290
9708 , 19298
9710 , 19305
9711 , 19313
9713 , 19321
9715 , 19330
9716 , 19337
9719 , 19345
9721 , 19356
9722 , 19363
9719 , 19345
9700 , 19256
9674 , 19143
9661 , 19093
9659 , 19088
9659 , 19090
9657 , 19082
9655 , 19076
9658 , 19092
9665 , 19122
9669 , 19139
9670 , 19140
9669 , 19138
9671 , 19149
9675 , 19169
9679 , 19189
9684 , 19208
9688 , 19225
9691 , 19238
9695 , 19251
9697 , 19260
9698 , 19269
9701 , 19279
9702 , 19288
9706 , 19300
9708 , 19310
9710 , 19319
9712 , 19327
9714 , 19335
9716 , 19343
9718 , 19353
9720 , 19364
9723 , 19372
9720 , 19356
9701 , 19268
9672 , 19144
9658 , 19091
9658 , 19093
9661 , 19105
9660 , 19105
9659 , 19101
9664 , 19125
9671 , 19158
9675 , 19174
9675 , 19175
9675 , 19175
9678 , 19186
9681 , 19206
9685 , 19227
9690 , 19243
9693 , 19257
9696 , 19268
9698 , 19277
9699 , 19284
9702 , 19291
9703 , 19299
9705 , 19306
9707 , 19313
9709 , 19322
9711 , 19331
9713 , 19340
9715 , 19350
9718 , 19361
9719 , 19367
9714 , 19340
9693 , 19243
